ID	Latitude	Longitude	Altitude(km)	X(m)	Y(m)	Z(m)
D0001	-58.89611111111111	-109.965	656.77	-1243644.9	-3423391.6	-6000314.38
D0002	46.12083333333334	53.472500000000004	382.62	2793824.39	3771849.47	4850360.97
D0003	-5.378055555555555	79.23111111111112	884.97	1351157.25	7103969.2	-676764.79
D0004	19.343055555555555	149.88583333333332	1877.39	-6740062.31	3909304.29	2721053.32
D0005	-52.13638888888889	57.59861111111111	507.04	2268886.44	3575001.39	-5412427.19
D0006	-79.0611111111111	121.12527777777777	261.41	-653301.81	1081911.31	-6497154.04
D0007	27.497222222222224	9.195277777777777	1832.13	7193181.02	1164432.71	3773101.95
D0008	-28.416944444444447	65.22500000000001	310.22	2466864.93	5344908.47	-3164853.15
D0009	-88.67888888888889	40.655833333333334	1492.01	138031.04	118540.43	-7846664.59
D0010	20.547222222222224	63.78916666666667	1405.61	3220271.2	6541332.8	2717865.12
D0011	88.30777777777777	-47.10305555555556	400.58	136689.31	-147110.95	6754366.62
D0012	62.61027777777778	-159.56166666666667	1343.39	-3335882.46	-1243144.73	6832919.46
D0013	89.9375	96.72055555555556	842.41	-924.49	7845.52	7199158.01
D0014	-86.24111111111111	-52.913333333333334	718.83	281408.28	-372268.48	-7060269.21
D0015	-51.95027777777778	-161.88694444444442	476.52	-4023251.74	-1316016.13	-5374643.49
D0016	22.340833333333332	-39.81444444444444	1247.3	5419808.01	-4517929.11	2883481.8
D0017	55.8775	-72.92527777777778	344.63	1109721.83	-3612877.93	5542101.73
D0018	34.01888888888889	-141.8511111111111	873.05	-4730809.15	-3715951.03	4036625.33
D0019	32.344722222222224	88.0911111111111	1139.09	211721.77	6352530.7	4002214.72
D0020	66.9588888888889	-40.5625	1887.82	2463189.68	-2108413.97	7583838.17
D0021	86.21472222222222	180.16944444444442	268.9	-440229.23	-1301.92	6611105.07
D0022	90.27833333333334	3.7258333333333336	247.13	-32220.3	-2098.18	6603803.89
D0023	18.331944444444446	-98.94833333333334	422.51	-1004427.14	-6378927.25	2126182.14
D0024	-58.94	-25.668333333333333	687.71	3293080.17	-1582611.45	-6029602.14
D0025	13.837222222222223	-129.32	1327.85	-4741951.29	-5789408.07	1833075.45
D0026	-7.238888888888889	48.395833333333336	705.01	4665809.15	5254457.63	-887185.45
D0027	12.473888888888888	150.9272222222222	949.81	-6254314.55	3477215.75	1573788.76
D0028	-37.922777777777775	140.9608333333333	1211.65	-4655244.52	3775014.64	-4643364.8
D0029	-70.26527777777778	151.88527777777776	1394.54	-2320541.54	1239820.16	-7293731.01
D0030	-36.99527777777778	-127.03555555555555	1017.55	-3561468.38	-4720130.97	-4429284.51
D0031	68.035	-43.19083333333333	1110.86	2047312.22	-1921937.85	6922779.74
D0032	11.84888888888889	-171.07805555555555	1333.23	-7456612.47	-1170600.46	1574800.83
D0033	90.89027777777778	-4.245833333333334	1991.05	-130013.04	9652.13	8346789.43
D0034	13.812777777777779	-176.4425	191.45	-6368487.99	-395928.9	1558583.69
D0035	-32.87138888888889	104.22722222222222	568.65	-1435244.02	5660718.43	-3750625.33
D0036	-55.014722222222225	-87.81027777777777	1719.15	177706.21	-4647556.73	-6610821.96
D0037	9.808333333333334	-173.2361111111111	1021.13	-7240972.61	-858805.49	1253317.17
D0038	-67.28999999999999	-35.71361111111111	355.39	2116445.26	-1521582.72	-6188811.81
D0039	-78.52	24.768055555555556	485.11	1244033.55	573982.74	-6704154.28
D0040	-12.375833333333334	-68.92333333333333	1239.63	2676163.95	-6943859.36	-1623723.12
D0041	-65.47583333333334	147.0536111111111	620.3	-2443906.16	1583842.07	-6344271.77
D0042	-1.4630555555555556	-89.83555555555554	941.24	21000.48	-7316974.63	-185791.16
D0043	-44.68194444444444	-68.94083333333333	400.47	1734586.97	-4504843.6	-4743885.18
D0044	-7.691111111111112	-119.41444444444446	1793.17	-3977203.86	-7054240.94	-1087922.48
D0045	78.575	157.74305555555554	257.92	-1220344.52	499428.8	6482777.83
D0046	73.00055555555555	-93.51083333333334	571.47	-124773.28	-2033714.47	6623761.4
D0047	-9.913611111111111	-37.10944444444445	1586.84	6257598.41	-4734206.18	-1364032.53
D0048	53.177499999999995	-122.63666666666667	1827.66	-2656786.52	-4148449.86	6545441.72
D0049	-85.23805555555556	-174.27361111111114	673.24	-584215.71	-58584.25	-7005579.2
D0050	-78.625	173.52972222222223	412.11	-1334747.9	151373.97	-6635087.03
D0051	-18.1575	-89.64166666666668	881.35	43152.74	-6899825.77	-2249611.41
D0052	-50.42722222222222	-26.819444444444443	1068.47	4240862.14	-2144020.38	-5716792.91
D0053	24.71527777777778	-161.85722222222222	1438.86	-6751125.44	-2212188.25	3252058.27
D0054	70.03472222222221	-98.905	680.79	-374103.65	-2387612.78	6612238.11
D0055	38.718611111111116	176.85305555555556	1592.84	-6216315.22	341772.01	4964307.79
D0056	50.11222222222222	16.162777777777777	509.26	4249980.99	1231740.14	5261559.46
D0057	-9.235555555555555	-31.349444444444444	468.78	5772000.59	-3516257.38	-1092122.26
D0058	88.57583333333334	154.72027777777777	1638.68	-180649.28	85314.32	7992949.26
D0059	-51.99666666666667	-178.94305555555556	1163.2	-4650652.06	-85801.06	-5919147.44
D0060	-62.78611111111111	-39.34	1574.2	2818620.01	-2310301.66	-7049060.13
D0061	-71.69166666666668	-150.56472222222223	1580.83	-2182701.34	-1231660.22	-7533774.56
D0062	56.916666666666664	-112.52416666666666	1402.07	-1630014.39	-3930512.94	6495603.19
D0063	-72.40972222222223	28.352500000000003	340.12	1791943.94	966981.44	-6381875.69
D0064	36.46638888888889	42.50111111111111	1117.62	4448804.23	4076736.72	4434194.41
D0065	24.340555555555554	35.644999999999996	621.82	5185517.84	3718629.79	2868985.65
D0066	-21.766111111111112	-129.18472222222223	919.72	-4283938.73	-5255488.38	-2691430.04
D0067	22.3975	-0.6372222222222222	1559.16	7340942.18	-81646.58	3009253.41
D0068	-0.9702777777777778	31.421944444444446	1920.52	7080658.61	4325775.69	-139804.31
D0069	35.394999999999996	-40.547777777777775	1313.53	4768853.16	-4079867.71	4434487.41
D0070	66.20361111111112	115.79833333333333	336.72	-1182279.31	2445843.79	6121239.2
D0071	28.88722222222222	-46.11388888888889	164.56	3974251.51	-4131862.56	3142459.57
D0072	70.89500000000001	-136.42555555555555	1939.65	-1976873.65	-1880870.7	7837272.27
D0073	-71.31333333333333	-8.609722222222222	331.81	2131686.95	-322757.34	-6333891.96
D0074	-63.29194444444444	145.85861111111112	418.61	-2534651.57	1718759.71	-6048625.37
D0075	-59.3825	7.942777777777778	1598.2	4031415.68	562473.33	-6841149.21
D0076	-49.60166666666667	-171.06444444444446	1877.12	-5293231.81	-832263.63	-6263726.95
D0077	55.634166666666665	-55.995555555555555	868.74	2292350.14	-3397980.25	5958659.57
D0078	86.67750000000001	45.48916666666667	208.89	268498.17	273122.41	6554534.52
D0079	68.24944444444445	-106.49416666666667	1179.87	-797126.92	-2692061.81	6997329.56
D0080	-36.82166666666667	-155.2436111111111	250.9	-4824467.35	-2224762.24	-3951940.07
D0081	-67.57	146.66722222222222	493.92	-2196556.2	1444667.23	-6329513.69
D0082	8.972222222222223	144.7863888888889	1046.5	-5992183.44	4229152.64	1151335.24
D0083	44.868611111111115	-87.64305555555556	325.2	195687.68	-4754356.04	4706435.1
D0084	-73.76361111111112	162.0438888888889	786.37	-1910891.61	619268.44	-6856621.02
D0085	1.9436111111111112	86.2611111111111	143.4	425023.88	6503937.05	219736.54
D0086	-23.49416666666667	-1.958611111111111	1475.27	7201269.3	-246265.65	-3115128.41
D0087	55.86638888888889	-61.86138888888889	1180.53	2004133.27	-3747328.06	6233270.76
D0088	-87.44361111111111	-77.4175	620.21	68207.23	-305579.98	-6969976.33
D0089	-68.86	-40.593333333333334	288.03	1830685.04	-1568717.39	-6195004.72
D0090	69.24527777777777	126.19555555555556	1897.74	-1735813.59	2372074.56	7716311.56
D0091	87.07972222222222	160.5711111111111	127.87	-313610.99	110617.63	6476145.79
D0092	-42.02194444444444	-39.76833333333333	1712.03	4625055.24	-3849122.09	-5393473.78
D0093	10.045	-52.91916666666666	1534.21	4697935.79	-6216105.64	1372749.29
D0094	37.223888888888894	-169.16916666666665	1953.18	-6521986.76	-1247773.37	5018747.15
D0095	41.81166666666666	-63.59	1739.29	2694250.45	-5425154.65	5389592.67
D0096	58.26361111111111	4.4225	1273.82	4021164.08	311000.22	6484594.22
D0097	-31.300555555555555	175.81194444444446	1941.54	-7094714.24	519516.26	-4303095.16
D0098	84.50916666666667	-102.61444444444444	638.18	-147063.56	-657146.3	6962640.99
D0099	67.17166666666667	153.11222222222221	988.09	-2555233.23	1295658.51	6766561.7
D0100	-61.82805555555556	-167.97555555555556	130.44	-3013093.28	-641796.44	-5714481.14
D0101	-25.052222222222223	93.2063888888889	663.49	-356999.02	6372645.48	-2965267.13
D0102	59.906388888888884	-69.69694444444445	269.66	1159398.4	-3133747.53	5728566.89
D0103	-58.61833333333333	165.6186111111111	1655.0	-4059941.45	1041010.2	-6834820.79
D0104	28.866666666666667	111.27	1409.87	-2475741.96	6359787.01	3741614.92
D0105	-26.62027777777778	-153.94583333333333	1441.63	-6283869.66	-3072205.29	-3486623.96
D0106	79.65111111111112	-123.29861111111111	1179.86	-747445.42	-1137937.01	7413327.64
D0107	-87.70027777777779	19.51722222222222	1078.97	282847.67	100257.31	-7429699.04
D0108	-74.60444444444444	175.47472222222223	352.33	-1786519.64	141395.23	-6466878.57
D0109	-72.9388888888889	116.93472222222222	782.35	-954226.87	1878062.23	-6823165.4
D0110	-80.09583333333333	-44.86361111111111	1409.09	951894.94	-947373.84	-7649482.4
D0111	26.393333333333334	155.35916666666665	1255.29	-6218532.94	2852429.19	3376178.8
D0112	-40.70444444444445	-91.27694444444444	1397.86	-131520.85	-5900289.34	-5049221.36
D0113	83.68277777777779	48.16972222222222	601.51	513749.51	573986.82	6915753.48
D0114	-55.23388888888889	-35.09916666666667	1722.42	3785949.51	-2660727.62	-6631219.64
D0115	-0.4455555555555556	-70.01388888888889	1674.94	2752397.29	-7567856.86	-62291.39
D0116	59.19333333333333	23.034722222222225	324.76	3166583.24	1346400.19	5733933.73
D0117	12.351944444444444	-135.51833333333335	1679.91	-5616811.05	-5516093.11	1714819.81
D0118	85.95833333333334	-151.23583333333332	584.95	-431533.32	-236886.12	6924332.56
D0119	-44.23722222222222	-27.809722222222224	1431.35	4955534.92	-2613831.89	-5425568.32
D0120	64.33027777777778	-108.12249999999999	983.75	-994297.21	-3038015.61	6612419.83
D0121	-89.20611111111111	10.564444444444446	1636.29	109454.07	20413.48	-7992270.93
D0122	52.01888888888889	145.525	915.1	-3706759.81	2545204.79	5725391.36
D0123	67.93416666666667	91.25805555555556	922.77	-60370.06	2748999.37	6743518.16
D0124	36.07805555555556	52.64111111111111	1674.81	3953041.96	5178060.18	4721468.71
D0125	-24.49277777777778	-121.31583333333333	583.94	-3294690.03	-5415441.33	-2870138.51
D0126	-39.59638888888889	-14.189722222222223	1105.1	5596794.5	-1415138.54	-4747919.04
D0127	-64.53583333333333	25.793333333333337	1265.74	2965790.93	1433293.65	-6878428.68
D0128	-50.365	111.72611111111111	943.41	-1731832.13	4346135.61	-5615329.32
D0129	-20.264166666666668	-2.6102777777777777	1095.84	7006507.14	-319423.06	-2574697.88
D0130	28.392777777777777	23.034166666666668	382.21	5476892.27	2328658.26	3196614.41
D0131	-21.484166666666667	136.29166666666666	115.07	-4369524.87	4176824.72	-2363503.43
D0132	42.223333333333336	-116.37305555555555	1457.2	-2580645.49	-5204821.01	5243277.3
D0133	63.67361111111111	180.28694444444443	774.52	-3179685.92	-15924.4	6387860.66
D0134	26.551666666666666	-129.7588888888889	423.19	-3893516.85	-4679968.15	3023034.64
D0135	2.1133333333333333	66.1375	498.01	2779817.71	6284115.99	251993.13
D0136	83.39694444444446	18.302777777777777	1352.73	846311.79	279936.38	7658061.16
D0137	-0.24305555555555555	-103.43944444444445	1658.06	-1867736.44	-7816064.66	-33909.28
D0138	-10.955833333333333	162.2613888888889	874.49	-6782630.14	2169650.77	-1370408.87
D0139	28.045	-33.69194444444444	1990.58	6148900.66	-4099558.07	3916808.33
D0140	-58.036944444444444	-57.234722222222224	1771.8	2339339.59	-3634780.16	-6891093.82
D0141	-82.94583333333334	-123.28055555555555	766.91	-482924.12	-735725.71	-7069419.12
D0142	-23.537222222222223	121.71055555555556	388.98	-3262692.28	5280572.76	-2686713.18
D0143	-79.92194444444445	128.17499999999998	334.41	-728245.11	926265.81	-6587273.8
D0144	-53.60194444444445	160.62083333333334	423.19	-3814960.29	1341900.61	-5451209.77
D0145	56.11222222222222	-69.88444444444445	1442.56	1502494.99	-4102309.13	6468933.41
D0146	-2.794722222222222	-7.785277777777778	538.1	6844387.93	-935772.91	-335140.87
D0147	-43.365833333333335	45.528888888888886	1399.28	3966087.63	4039992.67	-5317958.65
D0148	41.81055555555555	130.5075	1583.92	-3859373.13	4517547.78	5285895.06
D0149	-0.7786111111111111	103.79944444444445	454.0	-1629479.4	6634329.45	-92261.13
D0150	31.578611111111112	140.3063888888889	1149.09	-4938162.07	4098811.05	3922457.33
D0151	-29.148333333333333	-93.94277777777778	1224.84	-456882.16	-6628850.96	-3684855.97
D0152	-30.895833333333332	4.260833333333333	766.4	6118622.01	455855.46	-3649519.04
D0153	-22.329444444444444	9.78138888888889	880.04	6619131.48	1141108.45	-2742552.27
D0154	-12.556111111111111	-37.157777777777774	535.21	5378777.55	-4076470.49	-1493867.0
D0155	11.559166666666668	-23.411666666666665	1695.73	7259675.9	-3143297.49	1609454.35
D0156	1.0280555555555555	10.081388888888888	1101.62	7363091.57	1309098.91	133435.78
D0157	-36.72555555555556	87.3175	1830.39	308202.74	6578121.93	-4887567.28
D0158	-76.05055555555555	-58.514722222222225	234.67	835120.19	-1363578.63	-6395825.69
D0159	20.97861111111111	71.92833333333334	1569.74	2302848.45	7057390.0	2831181.43
D0160	65.69888888888889	138.47666666666666	1533.77	-2443210.02	2163344.06	7188081.41
D0161	10.214444444444444	-27.063333333333333	1222.69	6661880.96	-3403678.78	1340422.92
D0162	4.845	142.09222222222223	1117.77	-5893262.82	4589064.89	629514.27
D0163	-58.209722222222226	167.58777777777777	501.74	-3547648.22	780794.45	-5824549.71
D0164	-29.724166666666665	-23.610277777777778	1736.6	6461301.66	-2824253.66	-4004907.01
D0165	-8.170277777777777	126.30611111111111	1627.54	-4692295.0	6386357.82	-1131723.4
D0166	26.28527777777778	0.9138888888888889	732.66	6378488.36	101747.88	3131886.36
D0167	72.40666666666667	-107.54944444444445	570.94	-635113.29	-2008277.31	6601790.75
D0168	-38.47222222222222	-99.4625	1166.8	-972189.46	-5833025.13	-4672523.05
D0169	42.63027777777778	29.47111111111111	351.72	4317012.51	2439575.57	4535580.94
D0170	-82.63583333333334	-71.77777777777777	1250.8	306620.21	-931373.04	-7544452.57
D0171	-61.46666666666667	-95.84083333333332	560.37	-338086.49	-3304970.35	-6072675.31
D0172	-90.15027777777779	-21.206666666666667	1359.02	-18971.55	7361.12	-7715745.63
D0173	-80.43416666666667	173.75722222222223	666.91	-1167254.85	127686.3	-6925417.22
D0174	-35.477222222222224	55.293055555555554	1867.08	3826414.78	5524613.93	-4764724.78
D0175	-24.066111111111113	25.133333333333333	793.6	5931290.26	2782628.4	-2908593.55
D0176	-87.35333333333332	-136.04916666666668	1299.85	-255960.28	-246753.84	-7648389.32
D0177	61.675555555555555	75.65694444444445	121.08	765854.07	2995159.68	5698033.93
D0178	2.041111111111111	-147.63722222222222	457.86	-5770560.85	-3656852.78	241955.01
D0179	59.88722222222222	15.791666666666666	321.21	3241972.82	916876.58	5772043.42
D0180	44.79972222222222	151.17305555555555	1053.14	-4626212.63	2546115.73	5213657.83
D0181	48.16416666666667	132.55222222222224	589.41	-3148182.21	3429357.51	5168216.42
D0182	67.21583333333334	-146.37944444444446	670.16	-2278818.06	-1515221.82	6475644.22
D0183	-55.651666666666664	-158.41194444444446	1749.08	-4271559.28	-1690199.96	-6686737.49
D0184	2.8866666666666667	-119.33333333333333	1804.84	-4003696.09	-7124786.91	409951.46
D0185	79.07194444444444	60.406666666666666	1047.9	697165.28	1227565.38	7269620.62
D0186	-86.76083333333334	-76.0175	362.84	92325.29	-370778.94	-6708788.63
D0187	20.009444444444444	-151.64249999999998	1445.25	-6471077.74	-3492697.84	2663207.71
D0188	70.5325	-52.367222222222225	739.38	1452261.07	-1883569.39	6688209.37
D0189	32.67333333333333	-88.07722222222222	659.68	198946.65	-5926074.29	3779646.66
D0190	-69.87138888888889	129.58972222222224	1023.8	-1627451.76	1967969.9	-6927386.45
D0191	-25.433888888888887	127.35777777777777	1379.92	-4253427.71	5571757.25	-3315191.75
D0192	24.649722222222223	-54.91833333333333	455.14	3571438.12	-5085100.36	2833684.58
D0193	45.738055555555555	-160.07611111111112	1534.71	-5199339.38	-1884586.83	5644067.38
D0194	15.896666666666667	-167.2175	1002.19	-6923673.81	-1570796.38	2010236.57
D0195	-66.57472222222222	-99.64805555555556	522.24	-460961.85	-2711537.34	-6308917.13
D0196	80.32388888888889	-176.6783333333333	1671.67	-1354223.63	-78597.86	7913610.59
D0197	63.67916666666667	-98.84166666666667	1100.77	-510876.99	-3284265.02	6680594.7
D0198	11.3275	-44.76138888888889	1644.61	5586123.04	-5539788.37	1567576.34
D0199	80.83194444444445	116.03111111111112	1322.78	-539939.23	1105515.54	7580891.44
D0200	78.73583333333333	69.50833333333334	627.01	480425.6	1285526.59	6848432.79
D0201	69.41277777777778	22.499166666666667	175.95	2135320.53	884442.34	6113032.86
D0202	-73.29777777777778	-128.93555555555557	950.68	-1327239.88	-1642779.36	-6997447.66
D0203	45.993611111111115	-99.17805555555556	781.32	-794587.67	-4917866.19	5126728.26
D0204	2.1122222222222224	147.73944444444444	138.11	-5506611.23	3475831.45	238595.91
D0205	43.29055555555556	-8.266111111111112	643.88	5065373.51	-735898.55	4792560.99
D0206	73.36805555555554	36.81111111111111	1433.45	1794570.01	1343052.74	7462604.0
D0207	46.925	-64.26916666666666	1292.24	2277659.61	-4726116.76	5580004.53
D0208	-72.51027777777777	101.63472222222222	1088.1	-453705.83	2203502.11	-7098838.86
D0209	21.747777777777777	129.45416666666665	195.82	-3881885.36	4716785.99	2421050.87
D0210	-37.69138888888889	-42.02444444444444	1888.95	4864391.59	-4383677.15	-5033314.27
D0211	51.119166666666665	41.31944444444445	1034.55	3500679.8	3077527.92	5747225.67
D0212	65.64472222222223	-139.42805555555555	510.31	-2163378.78	-1852403.12	6252617.89
D0213	50.55694444444444	-1.5516666666666667	767.44	4546109.25	-123146.44	5495039.78
D0214	-60.89555555555555	-61.10944444444445	1005.59	1739019.73	-3151456.5	-6428309.76
D0215	21.720555555555553	-84.83222222222221	1036.39	620672.71	-6862803.04	2729242.7
D0216	40.73777777777778	-0.24805555555555556	702.14	5371609.28	-23255.92	4598617.57
D0217	27.913888888888888	-150.74527777777777	402.94	-5231464.79	-2930327.48	3156710.14
D0218	-1.1508333333333332	41.75361111111111	1230.12	5674738.46	5065540.32	-151950.5
D0219	-33.473888888888894	-153.72027777777777	1288.11	-5738631.17	-2833681.54	-4208384.9
D0220	-62.48777777777778	-5.515	762.38	3290958.61	-317752.85	-6309996.51
D0221	-31.69388888888889	-89.47916666666667	651.27	54414.55	-5985865.15	-3673763.16
D0222	47.77027777777778	-150.4608333333333	1289.76	-4490619.01	-2544723.91	5654757.72
D0223	44.3925	144.2288888888889	634.71	-4071895.94	2933624.1	4883384.16
D0224	24.80138888888889	-118.11305555555555	1152.02	-3222645.3	-6032169.77	3142361.76
D0225	-32.40333333333333	-68.74777777777778	1284.92	2347048.5	-6034732.29	-4086834.99
D0226	-80.95722222222223	36.58888888888889	573.45	879920.23	653221.72	-6843546.18
D0227	45.07888888888889	-137.20222222222222	760.69	-3704394.13	-3430039.71	5032172.58
D0228	-6.656666666666667	-56.05333333333333	1397.2	4312799.72	-6406844.72	-896397.18
D0229	27.45111111111111	8.977777777777778	404.95	5949579.65	939955.55	3109342.45
D0230	41.94027777777777	75.06305555555555	1158.98	1446921.02	5423852.12	5015282.67
D0231	-62.91777777777777	-178.5577777777778	1887.85	-3769786.02	-94911.31	-7336666.64
D0232	-87.20777777777778	-78.23972222222223	1684.69	80266.7	-385550.15	-8031844.42
D0233	-55.92527777777777	150.59555555555556	503.64	-3366147.19	1897070.49	-5676954.28
D0234	0.0030555555555555557	-71.54388888888889	1078.2	2360513.31	-7072830.99	395.37
D0235	35.03361111111111	37.672777777777775	1258.54	4953927.08	3825071.65	4363394.31
D0236	-87.3561111111111	-156.47	1623.8	-339328.93	-147755.73	-7972011.71
D0237	-10.358055555555556	86.75083333333333	1964.69	465189.48	8194352.3	-1492478.69
D0238	59.1425	-135.19194444444446	422.66	-2480497.07	-2463932.86	5814925.6
D0239	85.46722222222222	-80.51444444444445	598.74	91144.28	-545501.52	6933604.16
D0240	-20.448333333333334	-138.60416666666666	463.97	-4811080.13	-4240915.92	-2376364.06
D0241	-46.413888888888884	72.00083333333333	499.87	1467685.73	4517295.76	-4959161.5
D0242	7.177777777777778	-103.58833333333332	1259.01	-1780319.53	-7365520.79	948955.9
D0243	-56.44	19.270555555555553	1924.17	4340208.79	1517415.98	-6895107.14
D0244	-40.84277777777778	129.19083333333333	926.5	-3496288.73	4288274.1	-4755148.01
D0245	-66.17861111111111	51.82333333333334	777.04	1790681.06	2277457.58	-6522863.19
D0246	7.458333333333334	-45.24194444444444	222.71	4608681.47	-4647769.17	851328.0
D0247	-26.16333333333333	119.9238888888889	1572.75	-3561769.86	6188135.69	-3488789.92
D0248	-34.059999999999995	-110.51416666666667	1407.93	-2262411.4	-6046536.1	-4340488.52
D0249	-66.24888888888889	-123.15444444444445	1844.59	-1815184.34	-2778711.89	-7503540.78
D0250	-56.6325	-95.4063888888889	1123.63	-389525.67	-4115852.53	-6241912.43
D0251	33.371944444444445	126.03277777777778	1215.62	-3733657.43	5132761.09	4157160.3
D0252	-65.20222222222222	-88.33	1946.92	101973.21	-3497592.79	-7534604.16
D0253	12.9825	-160.6875	909.34	-6702598.02	-2348858.18	1627805.09
D0254	-6.596111111111111	-60.46416666666667	761.35	3496377.76	-6170818.82	-815238.39
D0255	51.086666666666666	-102.14583333333334	1924.75	-1099039.16	-5106625.61	6437248.79
D0256	-15.836111111111112	-154.41333333333333	307.63	-5802628.44	-2778493.6	-1813235.95
D0257	-68.18861111111111	-138.2752777777778	1965.06	-2318764.76	-2067739.47	-7723326.8
D0258	82.69444444444444	-12.151944444444444	110.84	809278.21	-174261.78	6414745.63
D0259	-9.837777777777779	-167.19083333333333	778.36	-6876384.37	-1563433.17	-1215563.76
D0260	-16.877222222222223	-112.15	221.15	-2381629.5	-5850594.22	-1904039.9
D0261	25.435555555555556	-8.779166666666667	979.87	6570454.87	-1014713.95	3143575.01
D0262	29.862222222222222	-128.6147222222222	507.8	-3729663.0	-4669606.76	3409979.66
D0263	-15.591111111111111	130.43972222222223	253.88	-4144517.08	4862956.38	-1771425.81
D0264	33.336111111111116	48.265	1571.23	4424672.04	4960039.45	4348630.86
D0265	-54.138888888888886	-48.97777777777778	299.34	2572936.31	-2957507.18	-5388412.3
D0266	-30.875	-30.150555555555552	485.05	5097827.9	-2961120.17	-3502918.2
D0267	-79.82472222222222	-27.33722222222222	1964.07	1312408.33	-678464.55	-8189293.91
D0268	11.246388888888887	149.25166666666667	1856.59	-6941886.77	4129715.23	1597836.59
D0269	46.78944444444444	-40.73777777777778	1900.76	4300874.81	-3704272.5	6011124.37
D0270	-0.5177777777777778	84.90111111111112	476.49	609180.12	6827224.75	-61558.09
D0271	-30.60527777777778	-144.54194444444445	1787.61	-5728652.75	-4079884.09	-4138414.67
D0272	-76.12666666666667	115.75833333333334	1557.85	-829044.85	1718149.21	-7682523.73
D0273	16.720555555555553	-155.4325	504.46	-5996412.66	-2741258.8	1968372.51
D0274	-7.108888888888888	-174.08027777777778	747.66	-7033634.87	-729302.5	-876612.17
D0275	-61.50805555555556	127.31833333333333	1144.36	-2180287.79	2860137.84	-6588329.79
D0276	29.591944444444444	-60.805	690.18	3000302.13	-5369508.8	3471945.41
D0277	88.45	-69.47500000000001	1045.01	70603.88	-188587.75	7399038.35
D0278	19.919444444444444	-118.715	799.09	-3243136.88	-5920030.78	2431563.52
D0279	51.18833333333333	-88.14888888888889	1280.38	155316.88	-4805711.13	5944388.78
D0280	46.44694444444444	-107.63694444444445	759.43	-1492415.27	-4694184.96	5150005.47
D0281	56.051111111111105	-84.18138888888889	1145.8	426807.38	-4188308.12	6218104.84
D0282	14.676666666666666	177.835	597.88	-6744904.71	254986.89	1756998.6
D0283	-68.78194444444445	35.37861111111111	1828.53	2427187.19	1723548.82	-7627786.51
D0284	50.659444444444446	-46.63388888888889	456.58	2980671.61	-3155708.62	5262730.57
D0285	-76.38916666666667	-6.626666666666667	1819.62	1920992.61	-223172.52	-7945598.75
D0286	61.343333333333334	103.35777777777777	1353.71	-858464.57	3615272.67	6761683.09
D0287	-3.1352777777777776	-7.748333333333333	1445.2	7740368.53	-1053188.6	-425554.76
D0288	-51.83888888888889	-122.40611111111112	1333.27	-2557858.74	-4029590.37	-6040065.86
D0289	-13.831388888888888	159.165	1848.77	-7467092.84	2841703.28	-1956851.49
D0290	-68.21166666666667	95.935	683.14	-271720.93	2613772.56	-6534233.98
D0291	33.79388888888889	-12.426944444444445	1054.35	6037377.42	-1330380.26	4113907.02
D0292	74.90305555555557	130.08805555555557	154.42	-1099009.68	1305668.3	6285046.66
D0293	32.5475	137.6238888888889	1259.37	-4759841.41	4342694.56	4089303.93
D0294	-67.69222222222223	67.30472222222222	1190.47	1111140.68	2656882.36	-6979521.33
D0295	-46.876666666666665	-56.08361111111111	876.41	2771383.98	-4121707.22	-5272080.78
D0296	76.77388888888889	-139.58916666666667	214.48	-1152026.34	-980826.92	6395837.37
D0297	-8.81638888888889	-112.64777777777779	1420.39	-2967649.93	-7112597.96	-1188800.71
D0298	22.147777777777776	-36.8675	667.31	5222890.4	-3916826.31	2641150.76
D0299	40.965	-16.886944444444445	237.95	4787096.07	-1453239.58	4315488.48
D0300	-32.92527777777777	105.33444444444444	1893.84	-1837586.52	6701254.29	-4476392.58
D0301	-54.1	48.85305555555556	763.99	2761059.44	3159831.85	-5762142.08
D0302	17.80888888888889	159.93805555555556	1574.16	-7113619.91	2597858.95	2419702.66
D0303	29.710555555555555	-22.065	1978.83	6730973.37	-2728376.38	4123292.1
D0304	3.4925	-40.8275	1949.98	6290086.95	-5434728.02	504735.0
D0305	-74.75777777777778	165.65027777777777	905.56	-1860228.7	475885.95	-7005418.16
D0306	34.097500000000004	69.55444444444444	786.49	2074414.2	5564385.98	3996316.02
D0307	36.48361111111111	177.19805555555556	660.39	-5658471.96	276937.94	4164135.62
D0308	-1.8219444444444444	100.17194444444445	301.81	-1179104.74	6571650.25	-211022.54
D0309	-16.21222222222222	47.098888888888894	1914.23	5421518.84	5834022.23	-2303735.94
D0310	61.49194444444444	35.125	1140.5	2941500.37	2069239.11	6583927.59
D0311	12.948055555555555	-14.425555555555555	1499.56	7436355.64	-1912867.5	1755808.09
D0312	-41.038333333333334	-119.11222222222221	462.83	-2513807.36	-4514154.11	-4469512.56
D0313	-63.68111111111111	-98.0625	1114.53	-466992.03	-3296723.46	-6693041.01
D0314	-21.325555555555557	164.67916666666665	759.26	-6414946.26	1757438.07	-2581126.89
D0315	17.726388888888888	82.05944444444444	415.36	894194.09	6410774.93	2056026.84
D0316	-43.99194444444444	-98.78611111111111	376.77	-743440.66	-4810046.53	-4669136.04
D0317	-3.3433333333333333	103.12416666666665	635.68	-1589877.9	6819062.92	-406553.37
D0318	47.314166666666665	-3.079444444444445	855.08	4904711.21	-263864.91	5294069.02
D0319	-65.04972222222221	155.92527777777778	349.87	-2598000.04	1160766.32	-6077268.62
D0320	-79.70972222222223	91.14694444444446	1523.1	-28326.51	1414866.02	-7752435.31
D0321	-45.55694444444444	-23.78222222222222	1071.78	4780468.4	-2106666.2	-5296096.77
D0322	26.62027777777778	-69.41388888888889	1557.45	2495837.49	-6644958.45	3538520.07
D0323	31.357222222222223	153.3452777777778	1212.37	-5797402.88	2910051.9	3930662.45
D0324	34.66361111111111	-123.58638888888889	773.28	-3257076.4	-4904821.57	4047043.63
D0325	71.48305555555555	-56.257222222222225	1489.4	1391294.45	-2082787.58	7437907.64
D0326	81.32333333333332	146.17472222222221	664.6	-885250.27	593189.16	6940513.92
D0327	-7.206111111111111	23.779444444444444	1744.52	7374672.59	3249458.24	-1013584.29
D0328	-47.111666666666665	-2.629722222222222	1973.9	5685986.55	-261154.9	-6096462.4
D0329	-35.410555555555554	-137.48749999999998	1128.01	-4513829.54	-4137974.72	-4328688.73
D0330	-67.10694444444444	-132.2763888888889	1879.35	-2165676.24	-2382018.35	-7584381.65
D0331	64.22	22.116388888888892	1185.89	3054671.14	1241391.27	6788282.94
D0332	69.53972222222222	-135.6136111111111	438.98	-1707670.33	-1671479.83	6364571.12
D0333	86.90805555555556	2.3461111111111115	300.7	361096.95	14794.24	6647698.59
D0334	-84.785	-89.11944444444444	839.1	10111.1	-657854.85	-7165889.84
D0335	-11.0125	-63.56083333333333	829.12	3150260.52	-6335281.01	-1368744.52
D0336	-35.52722222222222	-120.01305555555555	1709.34	-3295192.5	-5704438.61	-4678906.29
D0337	-43.35638888888889	-32.35722222222223	551.26	4262226.3	-2700429.32	-4734833.29
D0338	-54.82972222222222	-156.24277777777777	707.62	-3743141.64	-1647584.95	-5768927.54
D0339	83.35972222222222	-101.84833333333333	1847.84	-195807.59	-933344.08	8149269.14
D0340	87.23027777777779	51.623333333333335	662.79	211867.49	267534.0	7011292.21
D0341	-19.289444444444445	9.195555555555556	503.58	6414087.37	1038344.88	-2259970.0
D0342	33.16888888888889	163.65833333333333	1224.67	-6112057.47	1792116.6	4139680.26
D0343	-21.34722222222222	-180.38	1684.47	-7511915.21	49821.64	-2920422.88
D0344	-3.333055555555555	-5.927777777777778	435.0	6765314.69	-702442.37	-393637.44
D0345	22.618055555555557	173.1147222222222	571.83	-6372067.47	769443.66	2657647.85
D0346	26.808333333333334	-74.37583333333333	1749.33	1954716.87	-6989625.59	3648237.83
D0347	-82.54277777777777	-154.62611111111113	1103.4	-879800.23	-417268.62	-7396696.89
D0348	1.4102777777777777	58.753055555555555	1016.52	3834657.97	6320080.69	180943.1
D0349	40.52194444444444	101.27666666666667	218.43	-981897.73	4924354.08	4264135.09
D0350	-18.531388888888888	-167.27861111111113	874.47	-6709749.58	-1514739.6	-2292164.36
D0351	-34.74805555555556	-131.0588888888889	850.1	-3904819.01	-4482666.92	-4099466.75
D0352	67.03333333333333	-149.75	452.45	-2308476.57	-1346263.75	6266450.05
D0353	67.69583333333334	41.25361111111111	1840.86	2350322.29	2061439.4	7581431.88
D0354	-32.99583333333334	-73.67472222222223	189.5	1549835.97	-5291358.75	-3556768.62
D0355	65.64500000000001	-39.15083333333333	1552.45	2541908.94	-2069500.71	7202029.39
D0356	84.72	1.4694444444444446	1398.56	717356.77	18401.83	7722224.98
D0357	43.39666666666667	-84.07805555555555	1767.69	611428.56	-5894590.9	5574109.99
D0358	-32.15611111111111	-143.56944444444443	881.86	-4949315.32	-3653025.69	-3844449.9
D0359	-49.5925	148.01972222222224	815.72	-3962293.33	2474019.63	-5454664.77
D0360	44.595	177.6552777777778	870.27	-5164683.29	211473.03	5066420.27
D0361	59.498333333333335	-18.822222222222223	1537.88	3810663.98	-1298905.31	6797380.3
D0362	-46.94194444444444	96.13861111111112	1047.8	-542987.91	5048664.22	-5402948.69
D0363	-12.985	10.192777777777778	1296.22	7361129.22	1323518.3	-1715043.63
D0364	-6.5825	-111.39861111111112	1656.29	-2912171.98	-7431517.31	-916153.74
D0365	-44.115	75.08416666666666	1333.63	1427040.78	5357255.27	-5345615.33
D0366	-87.57777777777777	170.18666666666667	715.42	-296301.56	51251.18	-7065815.2
D0367	-82.22055555555556	58.93194444444444	1111.58	524653.28	870825.05	-7399208.44
D0368	73.37277777777777	-35.22805555555556	954.67	1718573.26	-1213580.79	7004027.99
D0369	-68.79083333333332	-109.70833333333334	1413.31	-952843.76	-2659970.32	-7241152.48
D0370	86.78305555555555	9.266111111111112	1148.08	418020.5	68199.63	7492938.94
D0371	31.353611111111114	118.69611111111111	1175.95	-3099902.0	5662999.31	3911305.29
D0372	-46.730000000000004	-179.5211111111111	604.97	-4794092.76	-40070.86	-5061740.54
D0373	24.1525	136.49694444444444	1099.72	-4951522.43	4699321.22	3043673.59
D0374	24.73611111111111	-175.105	821.19	-6518287.25	-558241.34	2996172.03
D0375	45.46138888888889	-79.78805555555556	1525.38	984149.21	-5463136.46	5610717.6
D0376	80.23444444444445	133.69361111111112	1534.95	-929631.89	973021.4	7776744.65
D0377	-21.009444444444444	27.684444444444445	1271.68	6326003.58	3319035.56	-2728296.24
D0378	17.912499999999998	-49.2825	1975.46	5186413.28	-6026037.78	2556752.5
D0379	63.28055555555555	134.84666666666666	808.81	-2284251.77	2296510.71	6396551.29
D0380	22.1175	-135.07055555555556	1651.03	-5268152.95	-5255194.21	3008096.13
D0381	20.395833333333332	58.97166666666667	459.26	3304715.98	5493815.35	2368877.26
D0382	86.62944444444443	40.8725	1304.75	342513.64	296406.99	7648175.33
D0383	-35.169444444444444	-49.89888888888889	1898.03	4361571.35	-5179328.62	-4746508.35
D0384	39.23166666666667	-10.404722222222222	1397.02	5930085.16	-1088879.51	4895827.53
D0385	59.73527777777778	67.49388888888889	1939.02	1607634.53	3880002.53	7160415.1
D0386	-74.79222222222222	15.635555555555555	431.05	1725135.66	482820.74	-6548677.66
D0387	-11.428888888888888	92.02027777777778	1096.02	-258292.27	7322222.41	-1472720.38
D0388	49.46194444444445	28.27638888888889	1055.56	4262095.23	2292636.75	5626305.59
D0389	41.46555555555556	115.2225	839.16	-2307663.62	4899040.21	4756972.67
D0390	-33.54333333333333	40.95277777777778	568.25	4376699.33	3798278.19	-3818337.64
D0391	-41.29972222222222	24.053333333333335	1231.53	5226869.78	2332984.63	-5000294.74
D0392	-86.15277777777779	-164.8425	946.43	-475737.03	-128876.03	-7286628.43
D0393	82.30055555555555	-151.68416666666667	1196.15	-895840.29	-482679.68	7484428.12
D0394	-12.2	20.330277777777777	1063.36	6821216.07	2527343.13	-1563749.94
D0395	-71.98916666666666	-9.463888888888889	1557.38	2426156.7	-404427.63	-7524377.98
D0396	21.6925	15.047222222222222	481.18	6157630.82	1655372.8	2520665.43
D0397	36.087500000000006	143.58277777777778	565.88	-4520556.31	3334939.42	4069356.72
D0398	66.08166666666666	63.51361111111111	1079.63	1351734.92	2712774.49	6794561.56
D0399	-66.7786111111111	16.34361111111111	1092.69	2833456.73	830902.38	-6842891.8
D0400	-2.29	118.43944444444445	724.52	-3379810.96	6240557.13	-282098.97
D0401	-38.038888888888884	-72.95111111111112	309.8	1546202.98	-5042010.83	-4099742.13
D0402	-87.215	-145.18861111111113	985.88	-294624.57	-204856.28	-7333909.36
D0403	60.35944444444445	-5.5625	1941.54	4103149.4	-399606.17	7207871.97
D0404	-68.74194444444444	170.79444444444445	1176.76	-2710558.92	439284.47	-7018286.27
D0405	-83.87694444444443	62.87138888888889	1338.94	376372.81	734592.17	-7651546.88
D0406	-32.04527777777778	-171.8997222222222	737.03	-5975901.44	-850526.28	-3755748.41
D0407	33.73888888888889	-132.28777777777776	1382.44	-4345971.97	-4778208.08	4290218.37
D0408	-2.6169444444444445	119.45694444444445	1831.15	-4032887.64	7140619.53	-372875.57
D0409	-3.77	1.8844444444444444	1088.29	7446332.69	244996.44	-488126.95
D0410	-82.48055555555555	-145.71805555555557	1525.73	-856914.59	-584151.89	-7814333.32
D0411	21.33277777777778	130.83027777777778	995.55	-4492466.02	5199015.05	2667919.48
D0412	-51.47527777777778	25.836388888888887	1348.16	4338658.02	2100789.73	-6021368.54
D0413	15.548055555555555	146.43944444444446	942.69	-5878451.39	3899803.08	1951285.68
D0414	65.14027777777778	-102.15166666666667	1342.0	-684746.67	-3180064.03	6981952.24
D0415	-11.731666666666667	-116.30055555555555	441.5	-2958906.56	-5986746.34	-1378122.99
D0416	-42.507222222222225	-108.59777777777778	1926.96	-1954884.96	-5809568.48	-5589320.57
D0417	-50.75527777777778	-122.29972222222221	1026.04	-2507300.44	-3966199.67	-5710984.27
D0418	-25.1675	168.11694444444444	1707.37	-7164535.78	1507591.73	-3421965.59
D0419	51.80694444444444	-69.00944444444444	765.09	1585072.18	-4131289.52	5590858.77
D0420	45.22916666666667	-55.88138888888889	131.78	2575888.52	-3801910.71	4598875.58
D0421	13.856666666666666	-8.667777777777777	182.23	6297875.38	-960085.91	1561232.86
D0422	-86.50416666666666	-101.98388888888888	1442.9	-99291.56	-467776.78	-7785059.5
D0423	-18.240000000000002	78.65361111111112	1240.99	1424059.77	7096814.76	-2372058.16
D0424	23.09583333333333	87.59388888888888	1788.85	315514.32	7508801.4	3188197.8
D0425	84.15083333333334	-112.2961111111111	1786.09	-316482.39	-771813.01	8100226.32
D0426	46.17861111111111	139.15	290.07	-3498361.86	3025036.5	4788302.46
D0427	-80.61444444444444	41.555	272.79	814186.66	721726.02	-6540232.69
D0428	-65.98611111111111	16.374166666666667	1987.91	3273527.09	961847.82	-7619167.57
D0429	-41.867777777777775	34.07416666666667	385.81	4178111.18	2826047.42	-4492173.49
D0430	19.22972222222222	5.253888888888889	650.48	6610756.8	607895.7	2301615.97
D0431	1.6197222222222223	-81.56972222222223	246.71	970855.34	-6550663.99	186049.67
D0432	38.467777777777776	-121.06	1592.73	-3223221.94	-5351639.79	4937026.08
D0433	35.094166666666666	26.715555555555554	302.49	4887795.76	2459968.08	3820327.79
D0434	15.361944444444443	-109.47833333333334	1346.26	-2484159.14	-7023488.63	2035397.24
D0435	89.06166666666667	-75.09138888888889	465.23	28923.23	-108635.79	6821061.74
D0436	-29.38222222222222	56.689166666666665	439.28	3264852.33	4968215.29	-3326411.21
D0437	16.91472222222222	55.75972222222222	533.9	3721882.75	5468311.31	1999143.3
D0438	0.26861111111111113	161.8788888888889	1986.4	-7949579.05	2601565.34	39013.88
D0439	52.24611111111111	100.2075	549.96	-753169.97	4182801.09	5454441.44
D0440	-75.23916666666666	176.13305555555556	1667.56	-2050352.91	138590.68	-7758148.01
D0441	-3.2111111111111112	98.36611111111111	669.77	-1023855.18	6962025.3	-392401.42
D0442	42.253055555555555	164.82305555555556	288.31	-4769195.04	1293701.07	4460312.25
D0443	28.272499999999997	122.38472222222222	1586.69	-3759326.04	5927242.83	3754695.91
D0444	10.2175	-141.73305555555555	156.96	-5050075.81	-3983580.98	1151774.83
D0445	-53.61027777777778	-127.82472222222222	1218.1	-2768745.85	-3566267.18	-6091699.33
D0446	-55.193888888888885	-135.2938888888889	219.43	-2682375.21	-2654997.83	-5393905.49
D0447	-2.1358333333333333	-69.37166666666666	1821.45	2886754.94	-7668570.57	-303997.69
D0448	24.709444444444443	2.486666666666667	837.28	6551984.61	284538.22	2999867.66
D0449	37.84583333333334	173.30611111111114	1457.05	-6151306.09	721947.25	4785902.49
D0450	81.01666666666667	164.43916666666667	1840.55	-1239434.31	345143.14	8096236.79
D0451	-71.5375	178.33138888888888	1343.93	-2450525.25	71386.24	-7302300.23
D0452	-33.65694444444444	-77.33138888888888	1206.68	1385797.33	-6165013.76	-4183602.04
D0453	-77.56055555555555	-106.42305555555556	650.28	-429288.07	-1456431.71	-6841566.37
D0454	-9.625555555555556	127.68861111111111	1217.8	-4578906.71	5926847.44	-1263065.06
D0455	29.676111111111112	-175.535	1795.9	-7084898.76	-553239.11	4028373.99
D0456	11.431944444444444	-125.3425	1174.26	-4282583.66	-6039006.48	1488616.44
D0457	58.19305555555555	134.11027777777778	1374.36	-2849718.03	2939625.55	6565072.25
D0458	39.663888888888884	-3.4069444444444446	1006.99	5681735.14	-338248.35	4692071.82
D0459	37.443888888888885	49.013888888888886	1714.54	4218234.75	4854900.35	4899034.78
D0460	-73.74138888888889	105.72888888888889	1703.18	-614846.25	2183159.09	-7735986.52
D0461	57.3925	170.16777777777776	1086.9	-3971753.24	688341.42	6265165.44
D0462	51.23277777777778	16.029999999999998	810.27	4333897.8	1245181.37	5581565.5
D0463	-71.2538888888889	70.45527777777778	1016.66	797109.32	2245395.79	-6980173.22
D0464	-18.316111111111113	-31.67666666666667	1129.27	6067011.01	-3743650.02	-2346513.65
D0465	67.51555555555555	-101.62305555555555	779.21	-552880.32	-2687931.24	6590618.11
D0466	-20.10527777777778	12.860833333333334	547.1	6342399.04	1448041.0	-2366708.57
D0467	81.26583333333333	55.88111111111111	1998.27	715242.51	1055658.95	8257645.25
D0468	-18.843055555555555	24.513055555555557	1280.56	6596854.09	3008175.16	-2460507.24
D0469	82.7775	-9.436388888888889	1415.33	969176.86	-161078.66	7710078.13
D0470	71.81777777777778	-99.5786111111111	294.0	-347447.07	-2058904.4	6316692.46
D0471	61.153055555555554	-57.42027777777778	1866.85	2146300.27	-3358694.5	7198786.82
D0472	-50.599444444444444	-155.2072222222222	1016.77	-4268567.64	-1971702.25	-5691067.61
D0473	-4.828611111111111	-135.89694444444444	1027.07	-5298834.87	-5135476.2	-619755.11
D0474	-67.65555555555557	39.87222222222222	706.8	2072553.8	1731217.37	-6530324.74
D0475	-15.141944444444444	130.19083333333333	1555.87	-4943242.72	5851436.48	-2061676.7
D0476	-67.3386111111111	-90.30749999999999	443.01	-14142.3	-2635077.11	-6271874.56
D0477	20.709722222222222	-2.6983333333333337	100.91	6056173.75	-285425.35	2277047.59
D0478	22.712777777777777	-80.21722222222222	1389.75	1218013.43	-7064204.86	2984008.12
D0479	73.86583333333333	137.27361111111114	704.99	-1449967.07	1339228.1	6782017.45
D0480	49.57555555555556	76.08805555555556	1655.61	1254442.5	5064439.24	6092662.65
D0481	18.072777777777777	174.23055555555555	941.15	-6924874.39	699672.19	2258011.81
D0482	-34.93194444444444	120.4875	139.14	-2713728.48	4609295.96	-3711351.66
D0483	25.688055555555557	-127.45	1972.57	-4578152.51	-5977157.4	3603011.82
D0484	4.026944444444444	-5.4013888888888895	936.27	7264055.18	-686833.04	510667.42
D0485	31.37361111111111	-100.41888888888889	680.0	-1090687.96	-5931676.98	3655349.56
D0486	19.85527777777778	-27.43305555555556	1108.11	6251486.48	-3245039.9	2528999.42
D0487	53.99333333333333	122.36277777777777	376.18	-2129852.45	3360934.65	5440617.92
D0488	-90.97805555555556	-124.16555555555556	978.41	70725.27	104203.77	-7334087.39
D0489	15.515555555555556	-155.1663888888889	142.41	-5703286.59	-2639349.48	1733230.67
D0490	77.00722222222223	-140.11194444444445	1667.06	-1391394.01	-1162893.21	7817335.21
D0491	-71.43833333333333	-115.43083333333334	955.32	-1005085.5	-2113768.67	-6929653.37
D0492	87.2088888888889	-161.98694444444442	864.22	-336370.97	-109378.3	7212355.37
D0493	-19.530277777777776	-5.518611111111111	953.54	6880061.11	-664730.14	-2437534.6
D0494	-34.00194444444445	57.02055555555555	1561.09	3585724.12	5525870.1	-4419619.74
D0495	-71.71166666666667	140.03083333333333	229.16	-1593655.69	1335775.11	-6251252.14
D0496	65.93611111111112	-145.935	1773.65	-2759592.04	-1865926.81	7420550.79
D0497	38.88138888888889	97.85	701.37	-753592.07	5465877.66	4422332.48
D0498	-67.07638888888889	153.71166666666664	450.85	-2391168.63	1181183.38	-6266980.89
D0499	15.075833333333334	148.0213888888889	295.09	-5466898.52	3413260.3	1724955.78
D0500	-46.869166666666665	134.78583333333333	713.22	-3420794.16	3446463.5	-5152337.21
D0501	-19.65833333333333	-110.36388888888888	316.51	-2194623.43	-5912567.86	-2238593.5
D0502	47.971111111111114	84.28027777777778	931.14	488495.31	4877104.43	5406384.01
D0503	15.772222222222224	-70.27361111111111	151.69	2121536.42	-5916633.56	1763716.77
D0504	-48.87	28.523888888888887	1247.85	4414294.16	2399149.79	-5720966.1
D0505	-57.47805555555556	172.2288888888889	1922.95	-4429979.88	604556.38	-6976112.86
D0506	30.66777777777778	-120.42027777777778	1277.97	-3336825.45	-5682872.25	3886107.65
D0507	50.03138888888889	-111.44305555555556	674.41	-1659134.64	-4224265.8	5381897.96
D0508	7.202500000000001	-7.214444444444444	1618.67	7871225.81	-996383.16	997300.36
D0509	-68.49916666666667	60.77638888888889	405.06	1217103.94	2175645.31	-6288597.48
D0510	70.09666666666666	-11.519722222222223	349.47	2250496.16	-458675.4	6303315.51
D0511	-27.05027777777778	-44.596944444444446	1626.78	5079275.56	-5008311.78	-3622992.55
D0512	-14.70861111111111	-134.8375	484.42	-4681148.69	-4707777.26	-1731932.11
D0513	9.635555555555555	-164.38972222222222	329.13	-6369299.38	-1779572.0	1115618.97
D0514	49.89222222222222	-155.0863888888889	1207.06	-4439183.55	-2061882.33	5778275.2
D0515	-78.57666666666667	-94.18583333333333	1919.54	-120253.03	-1643096.67	-8111520.47
D0516	-27.104166666666668	-97.25916666666667	1130.47	-845074.88	-6634352.68	-3403547.95
D0517	20.129444444444445	123.45111111111112	1782.4	-4224836.5	6394880.58	2794556.34
D0518	58.028055555555554	-157.53083333333333	1306.33	-3767606.77	-1558218.97	6495562.45
D0519	-17.884722222222223	-97.77027777777778	764.32	-919266.03	-6736794.57	-2180970.93
D0520	-34.25666666666667	179.23583333333332	1434.16	-6462078.17	86191.3	-4377304.33
D0521	86.47500000000001	178.63472222222222	608.17	-430738.38	10265.83	6951664.32
D0522	-90.52722222222222	100.24555555555555	1019.77	12143.04	-67181.65	-7376208.21
D0523	84.56944444444444	-36.78055555555555	437.47	518233.65	-387414.07	6763536.38
D0524	-21.985833333333336	-74.26027777777777	759.03	1796037.91	-6372645.47	-2657122.0
D0525	34.555277777777775	-115.67305555555556	1289.5	-2738295.36	-5696611.65	4328749.65
D0526	-12.786666666666667	50.53333333333333	765.69	4428864.97	5379015.68	-1571863.0
D0527	-25.253055555555555	132.7011111111111	955.96	-4500845.23	4877329.48	-3112282.76
D0528	-22.17138888888889	-136.07555555555555	1215.55	-5067010.49	-4880258.57	-2850720.77
D0529	80.82222222222222	-111.69916666666667	623.19	-414114.05	-1040666.7	6890048.6
D0530	83.58583333333333	66.6525	1299.72	340861.89	789669.75	7608279.66
D0531	6.766666666666667	-100.05361111111111	376.01	-1170906.84	-6604400.38	790819.69
D0532	21.323333333333334	-92.55527777777777	1419.61	-323967.13	-7259344.39	2820993.74
D0533	8.757222222222222	-132.19611111111112	1819.17	-5442030.41	-6002542.03	1241597.56
D0534	68.52	14.064166666666667	561.49	2471550.45	619167.57	6435067.97
D0535	-37.72555555555556	-70.65611111111112	130.65	1707350.34	-4863481.18	-3961337.14
D0536	-36.77583333333333	175.6513888888889	1098.64	-5977660.19	454563.12	-4455236.43
D0537	-57.99166666666667	-99.67555555555556	1893.09	-738203.48	-4329789.98	-6990531.27
D0538	24.920555555555556	-126.74027777777778	1795.6	-4436253.4	-5942967.01	3427692.33
D0539	53.79555555555555	-63.44555555555555	758.05	1888043.19	-3777834.63	5735017.32
D0540	30.015833333333333	39.99388888888889	1530.67	5249993.41	4404313.4	3937594.92
D0541	80.04333333333334	175.55555555555557	1838.8	-1420051.01	110375.09	8071486.84
D0542	78.02805555555555	-174.105	1135.8	-1554629.72	-160518.24	7328682.53
D0543	39.80444444444444	-11.619166666666667	772.75	5387576.5	-1107788.96	4556019.43
D0544	71.91388888888889	-170.96833333333333	710.02	-2179149.41	-346378.07	6715648.76
D0545	45.39055555555556	2.9099999999999997	600.1	4901898.18	249177.2	4945152.64
D0546	55.64416666666666	-168.46583333333334	1320.55	-4264942.39	-870361.2	6332364.71
D0547	-80.28416666666666	175.71027777777778	1407.15	-1313685.67	98539.54	-7651942.42
D0548	-73.80611111111111	-87.29055555555556	797.22	94856.19	-2004399.03	-6868527.94
D0549	-7.776944444444444	77.90444444444445	1520.01	1639858.27	7652151.41	-1063027.51
D0550	45.41777777777777	-36.925555555555555	328.52	3769441.29	-2832806.53	4754045.81
D0551	32.45138888888889	41.64	1202.17	4784295.67	4253673.09	4047840.46
D0552	-40.80027777777777	-113.74583333333334	1958.95	-2544141.96	-5783143.24	-5425684.24
D0553	-23.342222222222222	155.5538888888889	128.13	-5441020.78	2473438.35	-2562329.88
D0554	22.72	36.550555555555555	1114.29	5554218.76	4117494.88	2878517.08
D0555	69.96416666666667	-115.13361111111112	527.95	-1007700.28	-2147928.74	6465669.25
D0556	-90.8536111111111	175.9283333333333	1514.63	117606.65	-8371.7	-7870504.01
D0557	-29.986666666666668	-94.29666666666667	1591.81	-517531.95	-6888314.37	-3964677.81
D0558	40.47138888888889	9.973888888888888	966.1	5509298.38	968849.37	4745008.33
D0559	-12.70611111111111	83.2375	928.4	839423.35	7079020.37	-1597909.0
D0560	33.44416666666666	79.18416666666667	543.1	1084756.84	5677969.35	3794484.18
D0561	-24.513055555555557	13.797222222222222	1296.15	6784352.31	1666048.0	-3167866.7
D0562	57.01222222222222	98.56472222222222	644.46	-570646.37	3789000.48	5867205.76
D0563	9.503055555555555	5.227777777777778	834.32	7084460.99	648199.7	1183824.17
D0564	-69.91888888888889	-171.97611111111112	927.73	-2490343.17	-351053.8	-6839270.06
D0565	-49.75361111111111	-109.75333333333333	1454.29	-1712975.05	-4770158.09	-5955148.91
D0566	-60.538333333333334	-15.910833333333334	822.95	3413787.52	-973140.84	-6246752.55
D0567	41.02027777777778	-160.14527777777778	265.67	-4721176.97	-1704823.62	4338488.65
D0568	-70.04444444444444	34.393055555555556	1851.05	2322899.3	1590108.84	-7712642.64
D0569	-43.42527777777777	102.58638888888889	178.04	-1039199.48	4654304.59	-4484322.27
D0570	-60.572500000000005	-121.21861111111112	1100.49	-1908605.89	-3149173.88	-6490596.46
D0571	58.705555555555556	-88.24694444444445	1046.48	118229.49	-3862933.53	6321198.13
D0572	-5.457777777777778	80.99361111111111	499.29	1071773.33	6762030.33	-650084.41
D0573	-71.47361111111111	-9.662777777777778	1143.94	2362205.88	-402199.98	-7109937.53
D0574	-31.690277777777776	85.69972222222222	1907.69	529041.45	7035569.83	-4333419.23
D0575	-51.58083333333334	-51.63138888888889	1612.38	3087176.96	-3899434.52	-6237232.57
D0576	49.53611111111111	-37.72666666666667	386.25	3478484.33	-2691065.19	5123329.07
D0577	-9.993888888888888	-12.154166666666667	965.47	7070684.26	-1522816.53	-1267133.57
D0578	25.297777777777778	-32.80972222222222	262.38	5048910.69	-3255013.58	2821054.86
D0579	-83.33138888888888	129.74805555555554	1666.54	-598911.91	720163.01	-7968723.17
D0580	-65.28	103.44861111111112	951.65	-714603.8	2988344.09	-6635277.11
D0581	-40.448611111111106	-89.66388888888889	157.01	29213.86	-4979936.22	-4217881.75
D0582	-82.16666666666667	-77.15972222222223	433.69	206959.13	-907979.06	-6726684.62
D0583	-69.36694444444444	-128.3463888888889	372.07	-1479853.46	-1870703.53	-6294723.69
D0584	-53.69499999999999	172.71166666666664	1742.92	-4777663.31	611044.01	-6521295.66
D0585	-66.90916666666668	-140.1925	1186.46	-2284529.29	-1903904.73	-6935853.78
D0586	-54.978611111111114	-156.14333333333332	1417.62	-4099141.26	-1812781.6	-6360960.13
D0587	37.18944444444444	-3.0788888888888892	1173.17	6013215.77	-323442.05	4543288.45
D0588	-34.84638888888889	107.9175	1360.77	-1955697.82	6048639.83	-4401408.59
D0589	73.3536111111111	-62.8175	1432.02	1024647.55	-1995247.26	7460668.86
D0590	29.821944444444444	143.81222222222223	1565.07	-5565598.03	4071579.07	3931584.28
D0591	-29.031944444444445	-3.1847222222222222	1723.19	7076844.46	-393764.14	-3913256.64
D0592	67.28194444444445	-122.12027777777777	759.24	-1469336.17	-2340482.07	6560963.49
D0593	90.20555555555556	-97.74055555555556	1495.76	3815.09	28067.38	7852461.5
D0594	44.62083333333334	-164.81444444444446	1766.3	-5601809.51	-1520461.58	5698125.5
D0595	27.297777777777778	-137.38333333333333	866.94	-4740833.36	-4361965.56	3305167.51
D0596	77.61166666666666	-160.46638888888887	909.58	-1477633.25	-524233.09	7096180.18
D0597	-5.362777777777778	126.9075	1710.04	-4836002.9	6439195.47	-751960.09
D0598	13.305555555555557	-9.573055555555555	344.17	6451842.96	-1088126.9	1537531.23
D0599	-89.4713888888889	-94.00222222222222	623.33	-4522.21	-64634.58	-6979783.42
D0600	-82.3586111111111	143.99416666666664	836.2	-778305.78	565593.32	-7128701.7
D0601	-77.81222222222222	124.93361111111112	1581.43	-964716.69	1381161.6	-7758330.25
D0602	-68.8888888888889	28.76833333333333	1875.8	2611841.13	1433992.57	-7677423.25
D0603	31.269166666666667	173.62194444444447	324.46	-5698399.55	636968.05	3459851.71
D0604	-45.01305555555555	15.258333333333333	1196.23	5173210.59	1411187.46	-5334429.29
D0605	-77.82583333333334	-53.469722222222224	613.59	880232.11	-1188251.67	-6812655.83
D0606	-49.14361111111111	-107.58972222222222	1438.73	-1547722.4	-4882077.53	-5889207.4
D0607	-15.258611111111112	171.0836111111111	1630.01	-7633889.45	1197672.43	-2096703.45
D0608	83.58194444444445	-154.51083333333332	420.97	-688181.11	-328085.84	6734978.62
D0609	49.40138888888889	110.39888888888889	1112.83	-1701926.88	4576615.11	5664684.36
D0610	22.62777777777778	-85.93138888888889	1793.52	535364.5	-7526536.7	3128767.71
D0611	-42.98083333333334	-66.77722222222222	1558.56	2292352.42	-5342592.09	-5388498.26
D0612	50.959722222222226	-117.74555555555555	1749.12	-2386958.01	-4537715.12	6289270.92
D0613	16.784722222222225	73.57944444444443	449.57	1848347.79	6271838.76	1959862.27
D0614	59.5375	-90.75111111111111	1318.55	-51257.37	-3909758.27	6611073.02
D0615	-50.59805555555556	32.92166666666667	1409.42	4156209.21	2691002.34	-5994359.28
D0616	11.26361111111111	-12.578888888888889	1265.87	7317610.3	-1632848.98	1484870.96
D0617	59.68333333333333	-72.64805555555556	659.31	1061859.22	-3398382.89	6051901.48
D0618	-9.159722222222223	-114.58777777777777	871.01	-2978034.54	-6508259.23	-1147260.13
D0619	64.60138888888888	-62.49583333333334	750.6	1415509.23	-2718685.2	6416839.59
D0620	46.60527777777778	125.55166666666666	1770.39	-3259517.89	4560970.23	5898160.92
D0621	22.020833333333332	149.55805555555557	1400.41	-6219385.26	3655014.51	2901626.55
D0622	86.08555555555554	92.58277777777778	374.87	-20839.89	461994.36	6715818.52
D0623	-70.85805555555555	-62.29888888888889	241.53	1011965.1	-1927418.65	-6231282.71
D0624	-66.10722222222222	-175.97805555555556	119.4	-2632433.47	-185090.87	-5917968.36
D0625	-17.9475	176.70277777777775	339.71	-6382298.34	367690.56	-2057537.42
D0626	-31.24277777777778	59.16722222222222	1152.96	3302684.91	5533106.1	-3886937.14
D0627	60.93888888888888	82.29888888888888	161.12	426719.69	3155626.01	5692873.44
D0628	-58.20472222222222	169.85916666666665	842.59	-3753092.01	671287.47	-6113933.97
D0629	-69.72833333333334	-115.28888888888889	422.82	-1009380.05	-2136432.23	-6357237.54
D0630	-41.46805555555556	119.90972222222223	1721.09	-3029697.28	5266736.79	-5341224.3
D0631	-70.67472222222223	-79.51388888888889	1090.96	451002.35	-2436687.21	-7025858.8
D0632	50.31111111111111	-144.40694444444446	1208.75	-3946503.08	-2824695.26	5815122.39
D0633	-17.010833333333334	-9.764722222222222	267.97	6264986.03	-1078178.89	-1932375.2
D0634	68.87388888888889	36.21388888888889	1155.84	2196265.15	1608240.82	7005072.41
D0635	68.01916666666666	-85.68055555555556	984.4	208076.57	-2754825.26	6804736.59
D0636	-56.48861111111111	162.06222222222223	1934.49	-4374162.19	1416001.54	-6907603.97
D0637	81.99777777777778	-11.58361111111111	847.84	988320.1	-202578.39	7134027.78
D0638	90.55305555555556	-32.663888888888884	1454.94	-63825.61	40918.53	7811326.4
D0639	-8.962499999999999	33.29722222222222	529.3	5703407.28	3746042.53	-1069524.14
D0640	71.69722222222222	41.9975	335.31	1571331.02	1414708.66	6351507.94
D0641	-78.12666666666667	-65.54472222222222	1416.05	665631.04	-1463620.41	-7605614.85
D0642	56.909166666666664	144.40083333333334	1034.69	-3297463.78	2360679.66	6187253.86
D0643	39.176944444444445	14.461944444444443	622.09	5261027.51	1356866.81	4400549.15
D0644	-14.144444444444444	100.50694444444444	771.31	-1264435.08	6817669.47	-1736966.47
D0645	-81.88388888888889	-101.94027777777778	589.89	-204142.81	-965363.21	-6876642.1
D0646	4.45	61.25944444444445	1854.86	3946916.77	7197092.3	635487.79
D0647	-47.70777777777778	169.8075	1510.31	-5232219.23	940717.78	-5812284.04
D0648	72.83472222222221	-27.569166666666668	779.41	1877665.32	-980333.45	6816517.15
D0649	25.397222222222222	-157.87472222222223	260.99	-5559144.89	-2260192.15	2830825.96
D0650	-42.82527777777778	-159.9283333333333	1208.47	-5233107.46	-1912111.53	-5134761.51
D0651	67.63361111111112	-170.7302777777778	1160.67	-2838150.34	-463225.04	6949015.97
D0652	-53.111111111111114	40.92944444444444	1655.62	3649606.08	3164672.27	-6402142.19
D0653	85.27694444444444	87.3875	624.62	26362.12	577757.39	6957521.18
D0654	73.72888888888889	25.008055555555554	525.84	1758042.78	820089.75	6605308.09
D0655	-88.25916666666667	-151.2288888888889	398.69	-181026.51	-99401.34	-6752304.67
D0656	29.375833333333333	29.63111111111111	916.33	5529178.34	3144982.87	3559761.76
D0657	83.91166666666668	79.03333333333333	131.55	131773.56	680028.15	6451465.85
D0658	-45.52638888888889	80.1261111111111	1997.69	1007544.93	5788546.3	-5954022.46
D0659	-27.143055555555556	100.41083333333334	1952.14	-1340257.96	7294722.86	-3782923.21
D0660	-49.98722222222222	158.88555555555556	1506.38	-4736603.57	1829075.25	-6015613.41
D0661	38.88611111111111	101.2363888888889	1430.26	-1185625.35	5967950.28	4880364.02
D0662	-63.81666666666667	152.04833333333332	1464.48	-3063550.36	1625605.14	-7014931.42
D0663	-74.24333333333334	-54.38194444444444	1509.5	1250543.94	-1745578.87	-7569147.58
D0664	62.80027777777777	64.80749999999999	1002.54	1439334.13	3059780.29	6541514.98
D0665	-88.98722222222223	-126.27722222222222	1085.37	-78280.66	-106655.04	-7440953.0
D0666	89.12333333333332	-159.03250000000003	1729.37	-116138.46	-44505.81	8085170.79
D0667	-52.24666666666667	-159.8	822.32	-4145110.03	-1525103.54	-5669825.07
D0668	32.455000000000005	132.3836111111111	1221.23	-4326075.11	4740379.14	4058470.61
D0669	-67.14305555555556	113.33083333333333	1109.71	-1154688.59	2677190.23	-6877201.57
D0670	-26.493055555555557	94.0111111111111	1090.33	-467824.93	6671615.38	-3314440.87
D0671	1.2127777777777777	-118.24694444444445	1907.17	-3920335.65	-7297032.76	174458.2
D0672	29.089444444444442	-43.28611111111111	1669.48	5122448.38	-4824807.3	3894226.6
D0673	34.914722222222224	-40.17444444444444	255.45	4160679.32	-3512866.77	3776321.61
D0674	13.130555555555556	111.90333333333334	822.03	-2616138.71	6506755.6	1626215.93
D0675	-88.86555555555555	-112.55055555555555	273.09	-50663.58	-122008.09	-6628534.41
D0676	-84.04388888888889	56.981944444444444	1505.29	446950.93	687769.49	-7819371.05
D0677	67.33833333333332	23.275	1181.65	2682123.98	1153717.98	6953475.89
D0678	-24.236666666666668	125.435	1430.89	-4130347.83	5804451.58	-3189598.15
D0679	50.987500000000004	-138.08027777777778	1817.61	-3844876.93	-3452200.45	6344968.05
D0680	-40.672777777777775	119.5475	1241.15	-2853186.47	5033249.37	-4943835.21
D0681	-23.749166666666667	-34.19027777777777	1043.42	5621695.97	-3819106.31	-2973099.26
D0682	11.388333333333334	-96.23722222222223	454.26	-727780.71	-6659040.54	1340841.92
D0683	66.79583333333333	169.71277777777777	1691.18	-3135293.94	569057.2	7393854.41
D0684	-73.1061111111111	54.834722222222226	1746.04	1363008.64	1934675.98	-7751382.81
D0685	-63.32833333333333	128.02472222222224	815.16	-1993743.88	2549607.44	-6404921.14
D0686	27.865000000000002	-83.13972222222223	1340.15	815533.67	-6778607.07	3589660.22
D0687	-60.977222222222224	132.81916666666666	821.45	-2379503.14	2567905.99	-6272409.65
D0688	-82.63166666666666	-148.97944444444445	882.67	-800324.42	-481274.3	-7179291.2
D0689	-73.10555555555555	157.16555555555556	667.7	-1892376.51	796820.84	-6719559.12
D0690	67.72333333333333	-173.39083333333332	637.39	-2648681.31	-306892.32	6469282.35
D0691	-70.2961111111111	120.63666666666667	307.94	-1152024.95	1945125.74	-6272167.87
D0692	79.1363888888889	-176.19722222222222	1752.58	-1532927.57	-101891.58	7963254.68
D0693	-28.5425	-28.72472222222222	1839.15	6334014.22	-3471324.56	-3908220.57
D0694	-74.06694444444445	-54.08166666666667	1526.03	1276069.59	-1761633.99	-7578398.6
D0695	0.5536111111111112	-6.588611111111111	212.07	6546378.97	-756123.25	63263.27
D0696	-50.63972222222222	16.81222222222222	414.32	4131388.77	1248301.5	-5228565.52
D0697	76.015	-28.199444444444445	138.07	1392148.47	-746446.08	6301095.87
D0698	11.603333333333333	-162.89	333.14	-6283971.46	-1934402.67	1341456.69
D0699	49.462500000000006	132.0238888888889	713.25	-3090841.9	3429850.78	5366203.39
D0700	-79.07055555555556	109.40416666666667	633.98	-443001.41	1257678.75	-6863174.33
D0701	-74.64472222222223	171.06666666666666	419.53	-1783428.42	280340.53	-6532937.33
D0702	86.29527777777777	157.43861111111113	1006.89	-441936.08	183610.91	7348165.24
D0703	-34.88138888888889	176.9597222222222	1089.24	-6122877.67	325202.66	-4249994.12
D0704	-51.81777777777778	-134.0025	947.04	-3151351.78	-3263035.36	-5734714.98
D0705	31.284722222222225	-111.54666666666667	823.78	-2262192.13	-5729220.48	3720693.56
D0706	31.434722222222224	-49.81472222222222	700.53	3900429.03	-4617940.82	3672458.76
D0707	-30.145833333333332	173.14055555555555	1954.45	-7158656.16	861151.72	-4165893.7
D0708	-42.07166666666667	-17.129166666666666	1683.16	5725345.15	-1764537.0	-5379333.71
D0709	20.743333333333336	-99.13472222222222	283.26	-989383.95	-6153050.81	2345168.45
D0710	49.2275	-151.92333333333332	1495.09	-4543664.34	-2423713.41	5939364.05
D0711	0.10055555555555556	-102.61027777777777	519.96	-1505978.5	-6731688.15	12031.39
D0712	-50.8075	-154.52222222222224	1121.04	-4285425.07	-2042003.04	-5788876.34
D0713	-11.426944444444445	-135.80194444444444	1326.73	-5414978.36	-5265478.82	-1518180.97
D0714	6.876388888888889	-34.86888888888889	934.67	5956974.09	-4150835.78	870470.02
D0715	5.911388888888889	132.01194444444445	972.36	-4893571.39	5432583.67	752655.29
D0716	80.13916666666667	97.09027777777777	1105.27	-158629.05	1275314.4	7351164.19
D0717	14.366666666666667	80.28083333333333	409.11	1110199.65	6481878.86	1673824.43
D0718	48.22	89.78833333333333	1146.66	18550.77	5021460.79	5588284.13
D0719	35.11611111111111	-53.64416666666666	895.77	3530562.18	-4796474.6	4163689.88
D0720	64.34944444444444	-10.381944444444445	687.44	3015899.68	-552538.82	6346378.7
D0721	24.631666666666668	-72.74583333333334	170.09	1766541.39	-5687732.46	2712932.29
D0722	-45.56027777777778	-172.97166666666666	1442.63	-5442212.35	-670951.62	-5561182.07
D0723	-17.426111111111112	56.294999999999995	776.81	3789190.33	5680577.24	-2130515.18
D0724	-23.920833333333334	65.3261111111111	1836.42	3135986.98	6826317.47	-3314891.26
D0725	-27.065	-157.54	1347.21	-6361169.25	-2629681.2	-3497612.91
D0726	-14.033333333333333	54.955555555555556	374.72	3762542.11	5364605.4	-1627424.49
D0727	-57.7875	11.252777777777778	1010.69	3870995.12	770183.9	-6228280.2
D0728	3.715277777777778	16.10777777777778	1030.92	7103314.72	2051311.08	477334.05
D0729	88.88722222222223	-83.84666666666666	1245.15	15913.79	-147608.58	7600460.56
D0730	45.20055555555556	130.58444444444444	811.77	-3300851.1	3853285.79	5079094.92
D0731	-0.40111111111111114	-169.40916666666666	1916.77	-8153402.55	-1524517.72	-57770.86
D0732	-51.51555555555556	73.14694444444446	686.73	1276987.23	4215474.25	-5506996.19
D0733	-56.3675	-37.85638888888889	938.92	3206273.24	-2492098.46	-6068966.65
D0734	-61.527499999999996	-94.68972222222223	265.48	-259599.62	-3164522.44	-5816972.36
D0735	-16.412499999999998	-83.03611111111111	780.16	832732.31	-6817580.14	-2010996.4
D0736	-18.513333333333332	5.866666666666667	1303.75	7248226.99	744769.77	-2426315.36
D0737	20.11416666666667	173.81555555555556	1605.02	-7454990.29	807823.29	2731522.43
D0738	79.14611111111111	72.42055555555557	158.48	372936.45	1177109.7	6397932.74
D0739	2.667777777777778	106.86333333333333	701.26	-2051448.65	6767680.4	327523.08
D0740	-71.15333333333334	-127.19361111111111	1120.88	-1468151.07	-1934665.53	-7074615.67
D0741	35.95805555555556	105.15166666666667	1691.99	-1708950.75	6311020.26	4717949.84
D0742	-66.85722222222222	93.25944444444444	180.15	-146958.5	2580506.17	-6007826.62
D0743	26.805	-23.31416666666667	1679.19	6607901.45	-2847749.04	3616187.34
D0744	-48.69305555555555	-12.796388888888888	591.28	4493977.67	-1020708.82	-5212255.89
D0745	12.39111111111111	130.3711111111111	1323.47	-4873022.28	5731634.47	1643687.47
D0746	-40.91138888888889	-15.1925	539.58	5051861.88	-1371850.42	-4508357.58
D0747	-49.56722222222223	34.12361111111111	652.79	3781516.85	2562552.69	-5328591.54
D0748	67.72361111111111	-146.9127777777778	195.63	-2093687.63	-1364192.55	6060505.58
D0749	-83.14055555555557	-99.43916666666667	741.11	-139860.6	-841260.06	-7046753.39
D0750	64.38194444444444	-129.5113888888889	689.36	-1948973.87	-2363337.09	6349846.14
D0751	-34.050555555555555	-163.1075	102.92	-5143454.69	-1561965.62	-3608721.63
D0752	8.922222222222222	16.136666666666667	1369.04	7352387.97	2127255.86	1194994.22
D0753	-45.815555555555555	-87.71055555555556	1863.85	229782.93	-5747501.15	-5887549.27
D0754	-1.7258333333333336	69.60333333333332	554.3	2414986.51	6494859.55	-207498.3
D0755	22.801111111111112	80.50027777777778	1358.77	1177624.98	7037419.01	2982998.72
D0756	19.048055555555557	67.51444444444445	1332.17	2788171.69	6736044.59	2503146.74
D0757	-85.53388888888888	156.95916666666665	1253.02	-548357.7	233225.39	-7586536.25
D0758	-83.60749999999999	-111.90277777777779	989.49	-306879.99	-763281.02	-7300303.2
D0759	20.833888888888886	-53.89083333333333	191.47	3619980.89	-4962564.95	2322314.06
D0760	70.65055555555556	-93.14527777777778	1764.69	-148378.01	-2700204.2	7660488.23
D0761	63.57138888888889	-142.055	1569.37	-2795549.32	-2179804.16	7093964.11
D0762	-63.926944444444445	-154.67138888888888	1539.63	-3152327.36	-1492024.64	-7089088.75
D0763	-78.70277777777778	58.469722222222224	352.31	691613.94	1127273.8	-6578262.62
D0764	79.23166666666667	-88.75777777777778	1355.15	31407.55	-1448402.69	7575366.37
D0765	-81.44638888888889	156.4475	1545.32	-1083178.71	472160.14	-7813710.02
D0766	-45.301944444444445	-57.259166666666665	766.23	2721908.84	-4233169.63	-5055667.99
D0767	-43.18083333333333	122.84055555555555	1886.07	-3272010.82	5069283.16	-5632816.47
D0768	-46.47944444444445	4.0075	762.26	4912691.87	344175.1	-5154842.82
D0769	-43.1	138.74138888888888	524.33	-3794197.44	3328430.78	-4693880.96
D0770	85.76805555555555	180.49444444444444	1928.94	-614566.13	-5303.64	8262984.96
D0771	-84.01138888888889	24.505555555555556	576.12	662201.54	301860.17	-6894805.35
D0772	-61.4125	-136.23055555555555	783.4	-2480300.7	-2375985.02	-6265376.08
D0773	-31.50138888888889	-165.1977777777778	1639.41	-6613930.08	-1747750.14	-4170041.58
D0774	-44.93194444444444	-41.222500000000004	1483.12	4191694.77	-3672459.98	-5529475.12
D0775	88.21944444444445	-163.88	694.78	-211765.67	-61203.11	7048106.9
D0776	-85.04333333333334	-163.09583333333333	512.94	-571439.31	-173661.93	-6843842.62
D0777	7.240277777777778	-50.73888888888889	1942.47	5223967.55	-6391286.88	1043312.66
D0778	40.495	-100.54861111111111	590.57	-971423.01	-5216625.26	4503443.02
D0779	22.31277777777778	-1.421388888888889	622.24	6477079.6	-160715.82	2642731.18
D0780	-81.00916666666667	147.77611111111113	1652.53	-1064464.01	670948.75	-7910358.46
D0781	77.42666666666668	54.84777777777778	106.78	815345.69	1157874.82	6307534.56
D0782	-70.84416666666667	-2.227777777777778	1726.75	2663790.43	-103625.88	-7633737.97
D0783	44.37111111111111	171.9175	1879.93	-5851845.33	831017.45	5752302.28
D0784	0.9811111111111112	-144.2927777777778	431.77	-5528906.73	-3973979.4	115873.56
D0785	-72.64861111111112	23.130833333333335	354.14	1851728.58	791007.23	-6403686.75
D0786	-22.80611111111111	-147.5602777777778	335.94	-5225896.61	-3321539.25	-2587155.32
D0787	-85.14888888888889	-148.29416666666665	424.76	-490972.46	-303299.83	-6757067.06
D0788	-31.295555555555556	6.616666666666667	931.33	6209227.08	720262.52	-3777720.24
D0789	-1.3677777777777778	20.189722222222223	426.12	6384360.89	2347687.25	-161398.43
D0790	-65.34083333333332	46.7325	1248.66	2186056.54	2322424.8	-6908456.73
D0791	82.89583333333334	-119.87805555555555	1917.83	-512405.56	-891890.88	8210732.81
D0792	-48.43472222222222	42.77305555555555	1556.82	3870334.16	3580589.37	-5913897.87
D0793	-73.80305555555556	-83.01972222222223	700.04	240613.05	-1965228.24	-6775098.18
D0794	-20.439166666666665	-52.06111111111111	186.67	3783575.94	-4853417.64	-2278506.91
D0795	59.535555555555554	-128.06444444444446	1676.15	-2522680.21	-3221408.33	6919171.67
D0796	-12.79861111111111	-100.7825	210.34	-1202148.1	-6312355.13	-1450283.43
D0797	88.47083333333333	-104.96111111111111	154.95	-45156.13	-168983.67	6509368.05
D0798	85.91694444444445	-13.784722222222221	584.0	482919.66	-118479.92	6923027.56
D0799	-69.30222222222221	-161.00472222222223	319.55	-2244585.74	-772665.93	-6242897.11
D0800	3.7691666666666666	-78.59527777777777	1982.95	1649747.81	-8178358.55	546831.41
D0801	0.9455555555555556	174.18694444444444	1965.04	-8299149.03	844907.44	136977.17
D0802	49.94944444444444	115.49583333333334	347.93	-1866433.16	3913790.95	5125505.0
D0803	37.174166666666665	111.5886111111111	1719.47	-2376307.53	6005355.0	4871784.6
D0804	-39.60861111111111	137.11527777777778	431.97	-3849238.63	3575021.04	-4319999.07
D0805	88.16333333333334	105.35277777777777	632.42	-59671.42	217335.22	6985559.66
D0806	-55.01166666666666	-151.25611111111112	1335.11	-3885086.39	-2130892.31	-6295942.36
D0807	-60.9825	153.73222222222222	107.76	-2828399.95	1395903.69	-5648630.02
D0808	-63.623333333333335	-44.353611111111114	1191.65	2410164.16	-2356387.49	-6758774.99
D0809	12.5525	-47.66	1831.04	5397618.54	-5923592.28	1775072.18
D0810	-5.880277777777779	70.69166666666668	1071.19	2450245.39	6993541.54	-758832.99
D0811	52.25805555555556	-30.802222222222223	838.94	3801509.06	-2266354.05	5683843.62
D0812	48.50666666666667	-50.96805555555556	161.1	2733393.61	-3371614.67	4875058.0
D0813	-55.49388888888889	173.065	1141.52	-4236856.25	515342.19	-6173413.92
D0814	38.665	-172.74499999999998	1778.24	-6324078.45	-805085.21	5074330.94
D0815	-23.467499999999998	124.19861111111112	225.65	-3406480.44	5012745.13	-2614155.15
D0816	57.80472222222222	-13.948333333333334	168.16	3392997.54	-842720.18	5516484.2
D0817	-6.498888888888889	-146.49194444444444	1801.48	-6776631.96	-4486725.15	-920999.39
D0818	55.36611111111111	-40.60611111111111	1058.44	3214973.87	-2756160.75	6095539.34
D0819	-54.4925	-120.8561111111111	758.52	-2130151.38	-3565418.69	-5786240.43
D0820	-52.88861111111111	-157.9711111111111	750.39	-3994729.07	-1616318.74	-5661482.84
D0821	-27.273333333333333	53.655833333333334	1697.88	4256417.59	5785058.54	-3683198.1
D0822	-0.6269444444444445	131.11222222222221	369.04	-4436247.72	5083176.92	-73360.62
D0823	27.40222222222222	-107.3125	1657.01	-2124030.37	-6814239.95	3680468.12
D0824	68.60166666666666	119.89694444444446	196.82	-1199077.26	2085516.62	6099158.1
D0825	-79.13388888888889	-17.29388888888889	155.52	1179732.3	-367307.66	-6394762.32
D0826	25.545555555555556	-120.00916666666667	674.03	-3184057.77	-5512912.74	3024385.75
D0827	50.51166666666666	-179.37611111111113	256.94	-4227245.05	-46031.93	5097472.45
D0828	-7.6866666666666665	-87.80111111111111	866.51	275482.56	-7174640.84	-963351.58
D0829	-25.21333333333333	170.26666666666668	910.15	-6502457.04	1115379.23	-3088188.24
D0830	81.22166666666666	33.126111111111115	1568.2	1018283.88	664472.37	7831627.72
D0831	-79.95194444444445	-159.8138888888889	772.45	-1174367.21	-431759.82	-7019210.95
D0832	86.27166666666666	-76.1363888888889	272.87	103961.73	-421236.91	6615500.9
D0833	22.079444444444444	72.8025	190.82	1800611.21	5817733.57	2454294.68
D0834	47.60444444444445	178.51222222222222	295.98	-4506343.19	117040.81	4905918.59
D0835	-60.94166666666666	127.52805555555555	168.83	-1941856.52	2528112.55	-5699767.09
D0836	42.528055555555554	25.952777777777776	129.04	4318323.34	2101783.05	4376236.68
D0837	-81.05694444444444	-102.69444444444444	1747.33	-278289.21	-1235425.14	-8005052.36
D0838	-5.071666666666666	171.45305555555555	416.8	-6693332.27	1005932.47	-596924.31
D0839	49.50861111111111	-162.48277777777778	320.38	-4155536.45	-1311609.0	5071128.9
D0840	-29.480555555555554	-179.12472222222223	1217.8	-6616170.45	-101079.65	-3719692.35
D0841	-89.3586111111111	-17.925555555555558	1066.03	79514.24	-25721.57	-7422314.55
D0842	-62.282777777777774	71.79083333333332	821.48	1048835.05	3188330.67	-6350460.23
D0843	65.4925	58.62972222222222	625.44	1516167.84	2486781.57	6349794.67
D0844	-23.441944444444445	-180.70999999999998	1122.25	-6883906.07	85308.61	-2968151.48
D0845	-15.75388888888889	-151.9463888888889	1845.09	-6985801.74	-3722805.37	-2221485.53
D0846	38.56722222222223	-96.77166666666666	1419.54	-719661.09	-6060749.5	4839853.81
D0847	-24.87388888888889	-11.877500000000001	1789.57	7254742.79	-1525838.89	-3419140.48
D0848	65.22194444444445	72.72083333333333	853.89	902483.18	2901255.02	6543403.53
D0849	-9.31638888888889	120.69583333333334	202.1	-3315055.67	5584115.08	-1058426.69
D0850	-51.49805555555556	-0.8269444444444445	1805.1	5102035.5	-73642.3	-6380875.63
D0851	-34.59111111111111	130.33722222222224	772.44	-3813935.56	4491320.18	-4039143.54
D0852	32.630833333333335	154.46555555555554	689.55	-5375496.33	2567948.15	3791372.97
D0853	23.695555555555554	138.59972222222223	1257.14	-5246806.03	4625726.95	3052658.57
D0854	-22.705555555555556	-54.55583333333333	971.49	3933509.03	-5525958.75	-2821662.26
D0855	21.953055555555554	137.34722222222223	1277.79	-5224484.91	4813049.49	2847290.15
D0856	27.796666666666667	41.85166666666667	446.73	4500118.58	4030878.32	3164917.04
D0857	88.01083333333334	29.849722222222223	903.27	219856.46	126166.48	7255621.69
D0858	41.08277777777778	101.00333333333333	1249.47	-1098693.37	5650532.25	4990444.38
D0859	-60.069722222222225	-49.10916666666667	1623.52	2618756.7	-3024152.94	-6911353.36
D0860	34.731944444444444	-43.74638888888889	1753.11	4831590.86	-4624658.5	4612280.55
D0861	59.73416666666667	-163.84166666666667	1395.66	-3771051.77	-1092618.59	6691035.76
D0862	-67.15083333333334	-134.7725	1462.17	-2149160.5	-2166295.64	-7202399.51
D0863	-44.52166666666667	42.93472222222222	1112.62	3915653.7	3643074.5	-5229750.83
D0864	-11.51	-86.05416666666666	149.43	440208.0	-6381965.96	-1294152.6
D0865	77.76805555555555	105.26222222222222	440.52	-381432.49	1397903.05	6642020.6
D0866	-12.78361111111111	116.78361111111111	1751.31	-3572965.2	7078299.04	-1789581.23
D0867	-58.178888888888885	-177.16583333333335	1359.24	-4082834.9	-202124.52	-6551213.86
D0868	-59.42305555555555	103.95666666666666	1035.25	-911505.56	3667663.95	-6359354.66
D0869	-50.64388888888889	-174.76944444444445	851.74	-4573736.06	-418702.06	-5567100.27
D0870	-74.14583333333334	-36.476111111111116	1599.1	1756745.39	-1298790.05	-7651675.63
D0871	50.861666666666665	80.85694444444444	1511.84	792632.14	4924867.0	6096465.3
D0872	-14.666666666666666	151.69472222222223	601.26	-5945832.18	3202207.3	-1756683.07
D0873	60.865	-8.09138888888889	1642.62	3874064.28	-550766.97	6982821.69
D0874	-3.14	-104.76277777777777	929.03	-1859215.64	-7055404.64	-397921.4
D0875	-15.610555555555555	-10.806111111111111	1767.59	7707600.79	-1471155.5	-2180916.35
D0876	47.54138888888889	-176.87444444444446	917.25	-4925333.45	-268949.86	5359320.46
D0877	-59.34111111111111	61.86138888888889	1023.15	1783705.8	3335172.81	-6343542.56
D0878	33.480000000000004	83.97833333333334	1518.48	691512.36	6555453.28	4336147.52
D0879	-56.45638888888889	-30.104722222222225	822.21	3449133.64	-1999772.65	-5977974.33
D0880	8.150277777777777	82.01222222222222	155.35	898794.33	6405167.69	920259.22
D0881	38.684999999999995	94.99277777777777	1866.16	-560645.97	6417529.68	5131502.21
D0882	49.21333333333334	40.47361111111111	384.22	3366492.35	2872575.6	5097001.55
D0883	42.925	145.08805555555557	134.76	-3916729.09	2733562.13	4413181.48
D0884	16.21222222222222	74.76833333333333	165.24	1651151.13	6063997.63	1815425.02
D0885	-16.255555555555556	-52.721111111111114	970.95	4274329.09	-5615149.75	-2045685.16
D0886	-60.03805555555555	-140.37	674.45	-2718940.42	-2251702.11	-6086910.54
D0887	83.5411111111111	-29.59861111111111	1257.5	748921.82	-425422.8	7565654.01
D0888	19.709166666666665	34.511944444444445	1364.61	6008203.69	4131168.43	2597623.75
D0889	80.35583333333332	-4.2425	813.74	1205028.43	-89390.47	7068560.5
D0890	90.9975	165.86222222222221	1824.5	138834.83	-34970.23	8180006.0
D0891	-29.68611111111111	-109.02305555555556	1870.56	-2337254.61	-6779017.53	-4066584.56
D0892	17.81527777777778	-14.518333333333334	1376.03	7148443.94	-1851153.83	2359925.28
D0893	76.27083333333333	76.46861111111112	1544.52	441074.24	1832782.53	7674348.81
D0894	53.50972222222222	91.48611111111111	841.18	-111556.8	4300015.3	5780754.21
D0895	-42.941111111111105	-153.74944444444444	439.5	-4482683.42	-2210668.86	-4622122.64
D0896	-10.7175	27.135833333333334	702.39	6191885.89	3173436.18	-1308938.5
D0897	-86.35527777777777	-139.0663888888889	1655.05	-386818.55	-335470.12	-7995511.36
D0898	25.40611111111111	180.2827777777778	1971.7	-7545781.39	-37241.78	3565700.48
D0899	-64.45777777777778	125.9525	599.03	-1770685.36	2441393.06	-6272388.53
D0900	59.405	-142.47222222222223	1061.38	-3009294.37	-2311431.61	6380657.53
D0901	-73.35416666666666	-46.54888888888889	491.3	1357193.11	-1432629.34	-6559392.66
D0902	37.77166666666667	-167.9597222222222	1660.68	-6220762.88	-1326835.3	4902635.29
D0903	-63.25111111111111	178.45638888888888	625.56	-3158778.17	85121.54	-6231247.89
D0904	9.462499999999999	155.9986111111111	153.0	-5885763.48	2620681.69	1066806.96
D0905	79.57666666666667	-51.05611111111111	1988.93	953851.72	-1180270.29	8207271.36
D0906	-29.685277777777777	-75.37527777777777	458.42	1500750.09	-5751293.81	-3367138.88
D0907	3.1738888888888885	-159.5175	814.8	-6727918.62	-2513123.78	395887.22
D0908	49.95472222222222	-62.05416666666667	1659.27	2427201.75	-4575332.22	6129781.64
D0909	-67.4225	168.08916666666667	332.94	-2527995.21	533231.38	-6174088.04
D0910	-16.36277777777778	-146.27611111111113	683.11	-5636479.25	-3762460.66	-1977727.26
D0911	37.44444444444444	-153.21444444444444	565.21	-4926719.58	-2487106.37	4200313.62
D0912	54.57833333333333	-164.125	112.71	-3626475.17	-1031318.09	5266167.08
D0913	-21.89388888888889	174.88888888888889	645.62	-6494007.56	580844.14	-2604259.23
D0914	2.4755555555555557	100.64027777777778	1963.51	-1538790.72	8190607.03	358459.5
D0915	41.49722222222222	-131.20305555555555	1114.78	-3701493.21	-4227726.69	4942576.29
D0916	-61.16222222222222	-151.3477777777778	1082.59	-3164848.64	-1729275.44	-6512420.64
D0917	-45.698611111111106	-149.83944444444447	1195.18	-4579990.76	-2661398.88	-5397275.4
D0918	-61.777499999999996	-50.01777777777777	1408.12	2370986.53	-2827412.9	-6837551.24
D0919	-67.20111111111112	118.86999999999999	1243.29	-1429325.92	2592426.74	-7003293.21
D0920	38.190555555555555	-20.2375	807.03	5304652.79	-1955675.03	4421059.35
D0921	-35.79861111111111	9.429166666666665	1632.93	6415664.99	1065462.16	-4665253.54
D0922	-56.69499999999999	-102.47277777777778	899.77	-864871.54	-3909973.87	-6059317.57
D0923	-86.64666666666668	155.35333333333332	973.58	-391986.22	179851.64	-7317708.16
D0924	-21.904722222222222	13.925277777777778	1047.04	6689329.28	1658573.92	-2755240.95
D0925	48.51222222222222	-18.077222222222222	1466.12	4947570.33	-1614938.52	5853064.26
D0926	-61.174166666666665	-156.32722222222222	1668.14	-3560319.23	-1560853.77	-7026165.47
D0927	1.2644444444444445	74.37805555555555	1973.98	2248585.81	8041636.98	183363.58
D0928	62.64277777777778	37.640277777777776	630.97	2556689.78	1971780.95	6202193.28
D0929	34.445277777777775	-116.32833333333333	1110.19	-2741369.98	-5539842.06	4215231.95
D0930	32.34666666666667	170.29972222222221	1421.59	-6500300.24	1111149.1	4153578.52
D0931	52.87083333333334	-86.67888888888889	530.85	242072.85	-4171560.5	5485114.26
D0932	-47.90277777777778	-53.10805555555556	1752.15	3276702.07	-4365435.55	-6009746.08
D0933	-88.38694444444445	-174.26055555555556	871.07	-203638.43	-20467.42	-7224941.16
D0934	46.1425	-170.33166666666665	1833.09	-5616082.8	-956780.28	5898013.74
D0935	67.31388888888888	39.6375	481.82	2042913.34	1692298.27	6306545.36
D0936	-65.96611111111112	42.21388888888889	1493.9	2379964.88	2159071.86	-7166795.47
D0937	45.61194444444445	45.07972222222222	1010.48	3654952.04	3665137.33	5257288.83
D0938	5.790277777777778	-68.29305555555555	1171.21	2778030.45	-6978420.12	757348.71
D0939	-42.02166666666667	74.51888888888888	1633.33	1590520.44	5742582.36	-5340762.0
D0940	-2.686666666666667	41.527499999999996	1085.53	5581475.01	4942849.79	-347852.68
D0941	-60.170833333333334	66.79194444444444	1503.21	1548040.41	3610446.89	-6814022.38
D0942	42.78	-16.316111111111113	1339.94	5443624.07	-1593488.81	5219662.91
D0943	-40.58972222222222	-36.26444444444444	418.4	4167004.94	-3056990.04	-4400157.85
D0944	-69.32138888888889	-146.6511111111111	1102.69	-2212226.77	-1455865.02	-6976377.16
D0945	-55.18666666666666	61.72805555555556	142.9	1767277.72	3286044.62	-5330598.34
D0946	-5.425277777777778	70.96916666666667	1941.49	2700747.83	7829850.7	-782581.12
D0947	23.474166666666665	-57.186388888888885	929.44	3633985.36	-5635900.71	2895201.06
D0948	4.923888888888889	-72.84055555555555	1188.21	2224121.1	-7203019.25	645785.77
D0949	-17.004166666666666	180.98888888888888	1877.14	-7894955.8	-136275.47	-2402227.54
D0950	-46.04805555555556	54.096111111111114	1972.29	3403245.17	4700727.06	-5988851.73
D0951	-18.08111111111111	70.75138888888888	1123.19	2351471.69	6734105.26	-2315517.24
D0952	46.29	-57.29694444444444	479.52	2564424.93	-3994033.81	4934200.25
D0953	62.970555555555556	-96.4775	1792.6	-419766.78	-3697153.46	7255287.27
D0954	12.919166666666666	102.7238888888889	345.73	-1443692.4	6393737.34	1493987.38
D0955	63.46527777777778	-152.07416666666666	521.54	-2730207.44	-1447146.89	6149938.21
D0956	-37.48638888888889	101.43305555555555	1322.95	-1212545.52	5995700.93	-4665477.08
D0957	-59.83416666666667	-48.53972222222222	1764.49	2714450.9	-3072418.1	-7016749.43
D0958	84.50916666666667	0.4552777777777778	540.07	663992.26	5276.26	6864981.17
D0959	27.53611111111111	58.75333333333333	1946.66	3831194.03	6314440.64	3830974.76
D0960	-87.94944444444445	-13.866944444444444	1478.49	273671.51	-67559.32	-7830197.56
D0961	6.235	-66.72444444444444	1756.26	3195421.95	-7428408.91	878839.34
D0962	-77.17305555555556	0.016944444444444443	376.24	1504046.9	444.8	-6563941.73
D0963	50.11611111111111	42.02305555555555	1092.73	3564805.27	3212363.44	5709582.09
D0964	-34.347500000000004	14.89611111111111	874.2	5791956.92	1540699.63	-4071570.61
D0965	88.6463888888889	37.98388888888889	594.74	130227.89	101686.22	6949540.5
D0966	16.104444444444447	11.248888888888889	1426.75	7356098.09	1463070.59	2153600.12
D0967	20.46611111111111	130.35861111111112	154.69	-3965014.57	4665700.75	2270202.22
D0968	29.889444444444443	167.46694444444444	284.64	-5643394.39	1254526.71	3301598.56
D0969	50.52583333333333	156.74777777777777	902.62	-4260096.14	1830477.47	5596922.52
D0970	2.861666666666667	167.04805555555555	1931.47	-8088150.46	1860152.72	412725.96
D0971	83.28444444444445	-125.2611111111111	1528.67	-535217.91	-757004.31	7831029.04
D0972	-5.6994444444444445	-5.230555555555556	737.61	7051295.15	-645509.88	-702446.02
D0973	-7.769444444444445	8.050555555555556	165.48	6420033.78	908054.3	-878893.43
D0974	-31.553055555555556	135.5438888888889	228.36	-4022015.21	3946371.81	-3437799.46
D0975	-23.628611111111113	71.37888888888888	1095.81	2187421.63	6491878.22	-2979860.1
D0976	-53.04611111111111	-125.94805555555556	1324.81	-2723343.34	-3755515.78	-6132311.72
D0977	6.763888888888889	9.225555555555555	644.6	6883940.73	1118106.31	822130.56
D0978	-66.37888888888888	150.66833333333332	1969.6	-2922302.23	1642043.93	-7625581.8
D0979	-20.555555555555557	-118.87222222222222	600.95	-3156543.24	-5724626.14	-2436391.88
D0980	22.922777777777778	140.04083333333332	374.47	-4769440.61	3996247.01	2614697.43
D0981	58.83555555555556	-107.49833333333333	1849.52	-1282662.4	-4068498.05	7017086.74
D0982	-27.083333333333332	114.11416666666666	1569.99	-2892790.61	6462626.96	-3601234.16
D0983	-30.657777777777778	97.32055555555556	1918.04	-909958.8	7083176.27	-4211339.7
D0984	65.91333333333334	49.92638888888889	1923.43	2185803.81	2598153.25	7555965.57
D0985	-59.43083333333333	9.110277777777778	1420.06	3923940.59	629235.41	-6691194.36
D0986	40.959722222222226	-41.25	965.17	4174509.61	-3660946.67	4791742.63
D0987	79.59444444444443	-62.33027777777778	1176.84	635396.97	-1211808.39	7409007.4
D0988	47.39722222222222	107.47333333333333	415.77	-1383224.17	4394156.71	4977803.81
D0989	-72.81305555555555	31.49888888888889	832.75	1821714.43	1116299.45	-6866674.22
D0990	16.676111111111112	-133.7313888888889	1420.06	-5165167.7	-5399114.36	2226028.24
D0991	1.9508333333333332	136.4088888888889	1779.74	-5905171.03	5621671.71	276256.85
D0992	51.40555555555555	-112.62805555555555	653.14	-1690694.34	-4056033.14	5472296.34
D0993	49.253055555555555	-64.89722222222223	219.58	1830388.78	-3906968.52	4975328.92
D0994	70.57055555555556	178.0363888888889	791.16	-2389776.63	81933.26	6738617.79
D0995	-28.70861111111111	-105.19055555555556	1301.27	-1766013.1	-6504245.27	-3670687.1
D0996	73.20472222222223	100.43305555555555	1601.3	-418556.48	2273147.96	7616876.71
D0997	-0.12222222222222222	123.33638888888889	921.23	-4011383.85	6098304.45	-15479.77
D0998	-10.720555555555556	83.33583333333333	1062.89	848540.36	7262474.93	-1376367.29
D0999	-60.42166666666667	-115.9325	371.16	-1460421.6	-3003282.84	-5846608.43
D1000	-60.31333333333333	-9.570277777777777	1568.03	3888518.51	-655618.98	-6880070.42
